Div,Date,Time,HomeTeam,AwayTeam,FTHG,FTAG,FTR,HTHG,HTAG,HTR,HS,AS,HST,AST,HF,AF,HC,AC,HY,AY,HR,AR,B365H,B365D,B365A,BWH,BWD,BWA,IWH,IWD,IWA,PSH,PSD,PSA,WHH,WHD,WHA,VCH,VCD,VCA,MaxH,MaxD,MaxA,AvgH,AvgD,AvgA,B365>2.5,B365<2.5,P>2.5,P<2.5,Max>2.5,Max<2.5,Avg>2.5,Avg<2.5,AHh,B365AHH,B365AHA,PAHH,PAHA,MaxAHH,MaxAHA,AvgAHH,AvgAHA,B365CH,B365CD,B365CA,BWCH,BWCD,BWCA,IWCH,IWCD,IWCA,PSCH,PSCD,PSCA,WHCH,WHCD,WHCA,VCCH,VCCD,VCCA,MaxCH,MaxCD,MaxCA,AvgCH,AvgCD,AvgCA,B365C>2.5,B365C<2.5,PC>2.5,PC<2.5,MaxC>2.5,MaxC<2.5,AvgC>2.5,AvgC<2.5,AHCh,B365CAHH,B365CAHA,PCAHH,PCAHA,MaxCAHH,MaxCAHA,AvgCAHH,AvgCAHA,
B1,23/07/2021,19:45,Standard,Genk,1,1,D,0,0,D,17,17,5,5,11,8,7,3,1,2,0,0,2.75,3.5,2.37,2.8,3.6,2.4,2.65,3.5,2.4,2.76,3.74,2.48,2.75,3.4,2.37,2.7,3.6,2.45,2.82,3.78,2.5,2.73,3.59,2.42,1.57,2.35,1.59,2.44,1.65,2.44,1.59,2.33,0,2.02,1.83,2.06,1.84,2.1,1.88,2.03,1.82,3.4,3.5,2,3.6,3.5,2.05,3.05,3.75,2.05,3.29,3.91,2.11,3.2,3.6,2.05,3.13,3.75,2.1,3.6,3.96,2.18,3.2,3.75,2.08,1.53,2.4,1.56,2.52,1.59,2.56,1.54,2.42,0.25,2.1,1.77,2.05,1.85,2.11,1.9,2.01,1.82,
B1,24/07/2021,15:15,Oud-Heverlee Leuven,Waregem,1,1,D,1,1,D,13,10,4,4,12,17,0,4,5,6,0,1,1.95,3.75,3.5,2.05,3.7,3.4,2.05,3.6,3.25,2.06,3.77,3.46,2.05,3.5,3.3,2.05,3.6,3.4,2.1,3.9,3.54,2.03,3.68,3.36,1.65,2.2,1.68,2.24,1.74,2.26,1.66,2.19,-0.5,2.02,1.83,2.06,1.83,2.08,1.87,2.02,1.82,1.95,3.6,3.6,2,4,3.3,1.97,3.85,3.2,1.97,4.11,3.52,2.15,3.5,3,1.95,4,3.4,2.04,4.11,3.6,1.97,3.95,3.35,1.4,2.87,1.44,2.85,1.51,2.96,1.42,2.78,-0.5,1.93,1.93,1.97,1.92,1.99,1.95,1.95,1.88,
B1,24/07/2021,17:30,Kortrijk,Seraing,2,0,H,1,0,H,9,9,4,4,16,15,2,1,4,2,0,0,1.75,3.8,4.5,1.83,3.8,4.1,1.77,3.7,4.1,1.8,3.8,4.5,1.78,3.5,4.33,1.75,3.75,4.33,1.83,3.88,4.53,1.78,3.75,4.26,1.8,2.05,1.83,2.04,1.85,2.07,1.8,2,-0.75,2.02,1.83,2.05,1.83,2.08,1.88,2.01,1.83,1.8,3.8,4.33,1.75,3.8,4.6,1.8,3.6,4.1,1.78,3.88,4.6,1.78,3.5,4.33,1.75,3.75,4.5,1.83,3.9,4.63,1.78,3.73,4.34,1.8,2,1.83,2.05,1.93,2.06,1.82,1.98,-0.75,2,1.85,2.03,1.87,2.08,1.9,2.01,1.83,
B1,24/07/2021,19:45,Oostende,Charleroi,0,3,A,0,1,A,11,10,3,6,13,9,9,2,3,1,0,0,2.3,3.5,2.9,2.35,3.4,3,2.25,3.45,2.9,2.29,3.52,3.14,2.3,3.25,3,2.3,3.4,3,2.42,3.59,3.14,2.28,3.45,2.98,1.83,2.02,1.8,2.05,1.88,2.06,1.8,2,-0.25,1.98,1.88,1.98,1.89,2.06,1.91,1.98,1.86,2.2,3.5,3.1,2.3,3.4,3.1,2.2,3.35,3,2.25,3.53,3.27,2.3,3.3,2.9,2.25,3.4,3.1,2.38,3.55,3.27,2.25,3.41,3.1,1.88,1.98,1.89,1.98,1.93,2.06,1.86,1.94,-0.25,1.93,1.93,1.94,1.94,2.06,1.98,1.95,1.88,
B1,25/07/2021,12:30,Mechelen,Antwerp,3,2,H,0,1,A,18,10,9,5,12,10,13,2,2,2,0,0,2.7,3.5,2.45,2.75,3.6,2.45,2.65,3.4,2.4,2.85,3.5,2.49,2.75,3.3,2.4,2.75,3.4,2.5,2.86,3.64,2.5,2.74,3.46,2.44,1.72,2.07,1.76,2.1,1.79,2.18,1.72,2.1,0,2.02,1.83,2.08,1.81,2.08,1.89,2.03,1.82,2.05,3.5,3.6,2.05,3.75,3.4,2,3.6,3.25,2.16,3.8,3.26,2.6,3.3,2.55,2,3.7,3.4,2.17,3.87,3.6,2.08,3.67,3.27,1.65,2.2,1.69,2.23,1.69,2.34,1.64,2.23,-0.5,2.08,1.73,2.15,1.76,2.15,1.83,2.06,1.78,
B1,25/07/2021,15:00,Club Brugge,Eupen,2,2,D,0,0,D,21,13,11,5,9,14,10,3,3,6,0,0,1.18,6.5,15,1.2,6.75,15,1.22,6.75,12,1.19,7.06,14.84,1.18,6,15,1.2,6.5,15,1.22,7.5,15,1.19,6.77,13.41,1.47,2.6,1.48,2.66,1.52,2.7,1.48,2.6,-2,2.02,1.83,2.03,1.83,2.09,1.87,2.02,1.82,1.22,6.5,13,1.2,7,14,1.22,7,11,1.22,6.83,12.95,1.18,6,15,1.22,6.5,12,1.25,7,14,1.21,6.61,11.89,1.4,2.87,1.39,3.07,1.48,3.1,1.41,2.86,-1.75,1.83,2.02,1.84,2.04,1.89,2.07,1.83,2.01,
B1,25/07/2021,17:30,Anderlecht,St. Gilloise,1,3,A,1,1,D,9,8,2,5,11,7,4,2,3,3,0,0,1.5,4.33,5.5,1.57,4.2,5.75,1.6,4.1,5.25,1.57,4.31,5.65,1.57,3.9,5.25,1.57,4.1,5.5,1.64,4.55,6.63,1.56,4.18,5.46,1.75,2.05,1.81,2.04,1.83,2.2,1.77,2.03,-1,2,1.85,2.04,1.83,2.13,2.09,1.99,1.85,2,3.4,3.5,2.05,3.4,3.7,2.1,3.25,3.45,2.08,3.33,3.95,1.61,3.75,5.25,2.05,3.4,3.6,2.11,4.3,5.65,2.04,3.33,3.73,1.95,1.85,1.98,1.88,2.06,2.04,1.94,1.86,-0.5,2.05,1.8,2.08,1.83,2.11,1.84,2.05,1.79,
B1,25/07/2021,20:00,St Truiden,Gent,2,1,H,1,1,D,6,12,2,4,12,6,1,8,2,1,0,0,4.75,3.75,1.7,4.4,3.8,1.78,4.3,3.8,1.7,4.62,3.95,1.75,4.6,3.6,1.7,4.6,3.8,1.73,4.75,3.99,1.78,4.51,3.8,1.73,1.75,2.05,1.79,2.07,1.85,2.13,1.78,2.02,0.75,1.9,1.95,1.91,1.96,1.94,2,1.89,1.93,4.5,3.6,1.75,4.6,3.8,1.75,4.2,3.7,1.75,4.62,3.71,1.82,4.4,3.6,1.73,4.4,3.8,1.75,4.74,3.94,1.83,4.43,3.7,1.77,1.8,2,1.82,2.04,1.83,2.12,1.78,2.01,0.75,1.8,2.05,1.85,2.05,1.93,2.16,1.82,2.01,
B1,27/07/2021,17:30,Beerschot VA,Cercle Brugge,0,1,A,0,1,A,,,,,,,,,1,1,0,0,2.2,3.6,3.1,2.2,3.5,3.2,2.25,3.35,2.95,2.33,3.4,3.16,2.25,3.3,3,2.3,3.3,3.1,2.36,3.6,3.2,2.27,3.41,3.05,1.83,2.02,1.86,1.99,1.87,2.07,1.82,1.98,-0.25,1.98,1.88,2.01,1.87,2.03,1.92,1.97,1.86,2.37,3.6,2.75,2.4,3.3,3,2.35,3.2,2.9,2.44,3.36,3.07,2.37,3.2,2.87,2.4,3.3,2.9,2.51,3.6,3.14,2.4,3.26,2.95,2.07,1.72,2.12,1.76,2.16,1.9,2.06,1.75,-0.25,2.05,1.8,2.09,1.81,2.13,1.84,2.06,1.79,
B1,30/07/2021,19:45,Genk,Oostende,3,4,A,2,1,H,25,16,9,7,2,12,9,5,0,1,0,0,1.53,4,6.5,1.6,3.9,6,1.57,4.3,5,1.59,4.23,5.85,1.6,3.6,5.5,1.53,4.33,5.25,1.61,4.5,6.5,1.57,4.19,5.53,1.53,2.4,1.59,2.45,1.59,2.57,1.56,2.39,-1,1.93,1.93,1.96,1.93,2.02,1.98,1.95,1.89,1.45,4.5,6.5,1.48,4.6,6.25,1.45,4.8,6,1.52,4.5,6.44,1.6,3.6,5.5,1.44,4.75,6,1.54,4.9,6.59,1.47,4.57,6.07,1.44,2.7,1.49,2.68,1.51,2.81,1.45,2.69,-1.25,1.98,1.88,2.02,1.87,2.04,1.96,1.98,1.85,
B1,31/07/2021,15:15,Charleroi,St Truiden,0,0,D,0,0,D,10,7,0,3,12,16,6,5,2,4,0,0,1.95,3.4,3.5,2.05,3.5,3.6,2.05,3.5,3.3,2.04,3.7,3.58,2.05,3.4,3.4,2,3.5,3.5,2.09,3.75,3.6,2.02,3.58,3.45,1.83,2.02,1.84,2.02,1.97,2.06,1.82,1.97,-0.5,2.02,1.83,2.04,1.84,2.11,1.86,2.03,1.81,1.8,3.5,4.33,1.9,3.6,4.1,1.85,3.4,4,1.91,3.57,4.34,2.05,3.4,3.4,1.85,3.4,4.2,1.94,3.72,4.43,1.88,3.49,4.11,2.07,1.72,2.12,1.76,2.14,1.86,2.05,1.76,-0.5,1.88,1.98,1.91,1.98,1.94,2.03,1.88,1.95,
B1,31/07/2021,17:30,Cercle Brugge,Oud-Heverlee Leuven,1,1,D,0,1,A,17,10,3,1,21,8,2,3,3,1,0,0,2.15,3.4,3,2.4,3.6,2.8,2.3,3.55,2.75,2.38,3.78,2.82,2.25,3.4,2.9,2.25,3.6,2.88,2.4,3.84,3,2.32,3.65,2.8,1.7,2.1,1.71,2.18,1.77,2.2,1.7,2.13,-0.25,2,1.85,2.08,1.81,2.08,1.9,2.02,1.82,1.95,3.6,3.25,2.05,3.75,3.4,2.05,3.55,3.35,2.07,3.7,3.57,2.25,3.4,2.9,2,3.6,3.4,2.14,3.76,3.63,2.04,3.6,3.41,1.7,2.1,1.71,2.2,1.81,2.29,1.72,2.11,-0.25,1.8,2,1.79,2.1,1.84,2.13,1.78,2.06,
B1,31/07/2021,17:30,Seraing,Mechelen,1,0,H,1,0,H,10,10,4,4,17,13,6,6,3,3,0,0,3.4,3.5,1.95,3.5,4,1.95,3.35,3.8,1.95,3.57,4.02,1.95,3.5,3.6,1.95,3.7,3.6,1.91,3.7,4.08,2,3.48,3.85,1.94,1.72,2.07,1.74,2.14,1.8,2.23,1.72,2.11,0.5,1.93,1.93,1.92,1.95,1.96,2,1.89,1.94,4,4,1.75,4.1,4,1.8,3.7,3.85,1.83,4.09,4.14,1.82,3.5,3.6,1.95,3.9,4,1.75,4.15,4.2,1.88,3.89,3.99,1.81,1.5,2.5,1.54,2.58,1.59,2.58,1.53,2.46,0.5,2.05,1.75,2.07,1.81,2.08,1.85,2.02,1.81,
B1,31/07/2021,19:45,Eupen,Anderlecht,1,1,D,1,1,D,14,10,5,3,11,9,3,2,1,1,0,0,3.25,3.75,2,3.6,3.5,2.05,3.3,3.4,2.05,3.58,3.47,2.12,3.4,3.4,2.05,3.4,3.4,2.1,3.91,3.75,2.14,3.47,3.44,2.07,1.83,2.02,1.83,2.03,1.88,2.07,1.81,1.99,0.25,2.02,1.83,2.06,1.83,2.08,1.89,2.04,1.81,3.3,3.6,2,3.6,3.5,2.05,3.3,3.55,2.05,3.62,3.69,2.06,3.4,3.4,2.05,3.4,3.6,2,3.63,3.78,2.08,3.43,3.6,2.03,1.72,2.07,1.78,2.11,1.82,2.15,1.74,2.08,0.5,1.83,2.02,1.84,2.06,1.88,2.08,1.81,2.03,
B1,01/08/2021,12:30,St. Gilloise,Club Brugge,0,1,A,0,0,D,14,13,3,6,12,14,2,7,2,2,0,0,4.33,4,1.7,5,3.6,1.75,4.4,3.6,1.75,5.12,3.63,1.75,4.75,3.6,1.7,4.5,3.75,1.73,5.4,4,1.78,4.75,3.62,1.74,1.7,2.1,1.71,2.18,1.72,2.35,1.68,2.15,0.75,1.88,1.98,1.92,1.95,1.95,2.03,1.88,1.95,2.87,3.6,2.05,3.5,3.5,2.1,3.1,3.4,2.2,3.32,3.49,2.24,4.2,3.4,1.83,3.1,3.5,2.15,3.5,3.6,2.26,3.2,3.42,2.19,1.75,2.05,1.78,2.11,1.83,2.13,1.77,2.03,0.25,1.93,1.93,1.95,1.93,1.98,2.02,1.92,1.9,
B1,01/08/2021,15:00,Waregem,Standard,1,2,A,0,0,D,17,16,3,5,11,19,5,6,2,4,0,0,2.9,3.5,2.15,3.25,3.3,2.3,3,3.35,2.25,3.26,3.36,2.3,3.1,3.25,2.2,3,3.4,2.25,3.3,3.6,2.36,3.13,3.3,2.26,1.65,2.2,1.68,2.24,1.75,2.33,1.67,2.17,0.25,1.88,1.98,1.9,1.97,1.92,2.03,1.87,1.95,3.5,3.5,1.95,3.5,3.75,2,3.15,3.8,2,3.49,3.96,2.02,3.1,3.25,2.2,3.3,3.9,1.95,3.7,4,2.05,3.37,3.82,2,1.44,2.7,1.46,2.78,1.49,2.9,1.45,2.69,0.5,1.85,2,1.87,2.02,1.9,2.05,1.84,1.99,
B1,01/08/2021,17:30,Gent,Beerschot VA,2,2,D,1,0,H,24,11,5,7,8,13,7,8,1,0,0,0,1.36,4.33,7.5,1.4,4.75,7.75,1.43,4.7,6.75,1.41,4.88,7.71,1.38,4.5,7.5,1.4,4.6,7,1.43,5,8,1.4,4.75,7.2,1.6,2.3,1.65,2.28,1.69,2.35,1.63,2.24,-1.25,1.95,1.9,1.97,1.9,1.98,1.97,1.92,1.9,1.33,4.33,8.5,1.35,5,9,1.35,5.25,7.5,1.36,5.3,8.71,1.38,4.5,7.5,1.33,5,8,1.39,5.4,9.1,1.35,5.03,8.13,1.5,2.5,1.53,2.61,1.56,2.66,1.52,2.49,-1.5,2.02,1.83,2.06,1.84,2.08,1.88,2.02,1.82,
B1,01/08/2021,20:00,Antwerp,Kortrijk,0,1,A,0,0,D,13,13,3,5,11,9,6,5,2,5,0,0,1.7,3.6,4.2,1.78,3.5,5,1.77,3.5,4.4,1.79,3.49,5.08,1.7,3.5,4.75,1.75,3.6,4.5,1.82,3.88,5.58,1.76,3.53,4.73,1.8,2,1.84,2.02,1.93,2.05,1.83,1.97,-0.75,2,1.85,2.03,1.85,2.07,1.88,1.99,1.84,1.95,3.4,3.3,2.05,3.5,3.6,2.05,3.4,3.45,2.04,3.55,3.82,2.05,3.25,3.6,2,3.5,3.5,2.09,3.65,3.82,2.03,3.42,3.59,1.85,2,1.83,2.05,1.89,2.07,1.81,1.98,-0.5,2,1.85,2.04,1.85,2.09,1.92,2.02,1.81,
B1,06/08/2021,19:45,Club Brugge,Cercle Brugge,1,1,D,1,0,H,12,5,3,1,11,11,7,0,2,4,0,0,1.28,5.75,7.5,1.33,5.5,8.5,1.33,5.5,7.75,1.32,5.62,9.09,1.3,5,9,1.3,5,9.5,1.34,5.96,10.14,1.31,5.45,8.49,1.5,2.5,1.53,2.58,1.65,2.65,1.51,2.51,-1.5,1.98,1.88,1.97,1.9,2.01,1.97,1.92,1.9,1.33,5,9.5,1.4,5,7.5,1.35,5,8,1.38,5.1,8.36,1.32,4.8,8.5,1.33,5,8.5,1.45,5.25,9.5,1.36,4.94,8.08,1.7,2.1,1.74,2.16,1.76,2.45,1.69,2.16,-1.25,1.8,2.05,1.84,2.06,1.86,2.11,1.8,2.04,
B1,07/08/2021,15:15,Beerschot VA,St. Gilloise,0,3,A,0,1,A,8,15,2,6,12,12,9,3,2,3,0,0,4.2,3.75,1.8,4.1,3.8,1.85,3.9,3.7,1.83,4.29,3.87,1.82,4.2,3.5,1.8,4.1,3.7,1.8,4.33,3.98,1.91,4.09,3.73,1.82,1.85,2,1.81,2.05,1.89,2.07,1.8,2,0.5,2.02,1.83,2.07,1.82,2.07,1.89,2.02,1.82,5,4,1.65,4.6,4,1.72,4.3,3.8,1.7,4.78,4.07,1.72,4.2,3.5,1.8,4.75,3.9,1.67,5,4.1,1.81,4.59,3.89,1.71,1.88,1.98,1.89,1.98,1.92,2.07,1.85,1.95,0.75,1.98,1.88,1.96,1.93,2,2.02,1.93,1.89,
B1,07/08/2021,17:30,Mechelen,Eupen,1,3,A,1,0,H,15,16,4,4,6,11,7,3,0,2,0,0,1.7,3.75,4.2,1.78,4,4.25,1.75,4.1,3.85,1.78,4.38,4,1.72,4,4,1.73,3.9,4.2,1.8,4.4,4.25,1.76,4.08,4.01,1.65,2.2,1.62,2.35,1.69,2.42,1.62,2.26,-0.75,1.98,1.88,2,1.87,2.02,1.91,1.97,1.87,1.72,4,4.33,1.8,3.9,4.2,1.77,3.9,3.75,1.81,3.99,4.28,1.72,4,4,1.75,4,3.9,1.84,4.25,4.33,1.79,3.93,3.99,1.4,2.87,1.45,2.83,1.5,2.87,1.44,2.72,-0.75,2,1.85,2.02,1.87,2.05,1.9,2,1.83,
B1,07/08/2021,17:30,St Truiden,Waregem,1,3,A,0,0,D,11,11,1,7,12,12,8,3,1,2,0,0,2,3.6,3.1,2.1,3.5,3.5,2.15,3.3,3.25,2.22,3.36,3.45,2.1,3.2,3.4,2.15,3.4,3.2,2.24,3.6,3.63,2.16,3.3,3.36,1.75,2.05,1.81,2.04,1.85,2.13,1.78,2.02,-0.25,1.85,2,1.9,1.97,1.91,2.05,1.87,1.96,1.85,3.6,3.5,2.1,3.5,3.5,1.95,3.65,3.45,1.99,3.78,3.76,2.15,3.2,3.3,2,3.5,3.5,2.12,3.9,3.86,1.98,3.66,3.54,1.65,2.2,1.71,2.2,1.73,2.29,1.67,2.18,-0.5,1.98,1.88,1.99,1.9,2.12,1.93,1.97,1.87,
B1,07/08/2021,19:45,Kortrijk,Genk,1,2,A,1,0,H,8,17,3,6,7,5,4,4,1,3,0,0,3.2,3.6,2,3.6,3.7,2,3.25,3.6,2.05,3.4,3.71,2.1,3.3,3.5,2.05,3.3,3.6,2.05,3.6,3.81,2.1,3.33,3.62,2.05,1.7,2.1,1.7,2.2,1.8,2.21,1.71,2.13,0.25,2.02,1.83,2.05,1.83,2.07,1.89,2.03,1.81,3,3.6,2.15,2.9,3.75,2.3,3.15,3.4,2.2,3.04,3.96,2.21,3.3,3.5,2.05,3,3.7,2.15,3.15,3.96,2.3,2.95,3.73,2.19,1.53,2.4,1.56,2.51,1.6,2.51,1.55,2.4,0.25,1.95,1.9,1.94,1.94,1.96,1.98,1.9,1.92,
B1,08/08/2021,12:30,Standard,Antwerp,2,5,A,0,2,A,20,12,9,6,11,16,9,1,3,5,0,0,2.25,3.5,2.9,2.3,3.5,3,2.25,3.3,3,2.31,3.4,3.22,2.2,3.3,3.1,2.25,3.3,3.1,2.33,3.55,3.23,2.26,3.36,3.07,1.85,1.95,1.91,1.94,1.96,2.02,1.88,1.92,-0.25,1.95,1.9,1.98,1.89,2,1.95,1.96,1.87,2.05,3.5,3.3,2.2,3.5,3.2,2.15,3.45,3.1,2.08,3.69,3.56,2.2,3.25,3.1,2.1,3.6,3.2,2.2,3.72,3.56,2.13,3.51,3.25,1.7,2.1,1.74,2.16,1.77,2.23,1.72,2.1,-0.25,1.83,2.02,1.79,2.1,1.89,2.1,1.84,1.99,
B1,08/08/2021,15:00,Oud-Heverlee Leuven,Charleroi,1,1,D,0,1,A,21,21,4,9,6,13,7,9,1,1,0,0,2.45,3.4,2.55,2.75,3.5,2.5,2.65,3.45,2.5,2.69,3.69,2.53,2.62,3.4,2.45,2.63,3.5,2.5,2.76,3.69,2.55,2.65,3.52,2.48,1.75,2.05,1.78,2.08,1.83,2.1,1.78,2.02,0,2,1.85,2,1.88,2.05,1.91,1.98,1.86,2.4,3.4,2.7,2.65,3.6,2.55,2.5,3.4,2.55,2.5,3.55,2.84,2.6,3.4,2.5,2.5,3.5,2.63,2.65,3.64,2.84,2.51,3.46,2.66,1.7,2.1,1.7,2.21,1.76,2.22,1.7,2.14,0,1.83,2.02,1.83,2.08,1.94,2.08,1.86,1.98,
B1,08/08/2021,17:30,Anderlecht,Seraing,3,0,H,0,0,D,19,4,7,1,14,13,8,2,2,2,0,1,1.3,5.25,7,1.4,5,7.25,1.4,4.9,7,1.38,5.12,7.9,1.36,4.5,8,1.36,4.8,8,1.41,5.3,8.1,1.38,4.93,7.38,1.6,2.3,1.62,2.36,1.62,2.43,1.59,2.31,-1.25,1.88,1.98,1.92,1.95,1.92,2.05,1.87,1.96,1.36,4.75,7,1.4,5,7.25,1.37,4.9,7.5,1.39,5.24,7.94,1.36,4.6,7.5,1.36,4.75,8,1.41,5.25,8.56,1.37,4.97,7.54,1.61,2.25,1.64,2.33,1.68,2.35,1.63,2.26,-1.25,1.83,2.02,1.86,2.03,1.9,2.06,1.84,2,
B1,08/08/2021,20:00,Oostende,Gent,1,0,H,0,0,D,7,13,3,0,10,9,6,6,3,1,0,0,3.2,3.6,2,3.6,3.8,1.95,3.45,3.65,1.95,3.7,3.85,1.96,3.5,3.5,1.95,3.5,3.7,1.95,3.78,3.85,2.04,3.53,3.71,1.96,1.65,2.2,1.66,2.27,1.71,2.42,1.64,2.23,0.5,1.88,1.98,1.91,1.96,1.91,2.04,1.87,1.96,3.75,3.6,1.9,3.5,3.8,2,3.5,3.65,1.95,3.91,3.84,1.93,3.2,3.7,2,3.6,3.7,1.93,3.92,3.87,2.07,3.66,3.69,1.93,1.65,2.2,1.57,2.4,1.71,2.4,1.64,2.25,0.5,1.98,1.88,1.96,1.93,2.04,1.97,1.9,1.93,
B1,13/08/2021,19:45,Charleroi,Antwerp,1,1,D,0,1,A,23,10,7,7,6,6,12,1,1,2,0,0,2.55,3.3,2.55,2.5,3.5,2.75,2.55,3.35,2.55,2.65,3.5,2.71,2.4,3.2,2.88,2.55,3.4,2.6,2.65,3.53,2.75,2.57,3.42,2.65,1.8,2,1.82,2.05,1.85,2.11,1.8,2.01,0,1.93,1.93,1.92,1.97,1.96,1.99,1.9,1.95,2.3,3.3,2.8,2.5,3.5,2.75,2.45,3.3,2.75,2.53,3.48,2.84,2.4,3.2,2.88,2.4,3.5,2.7,2.6,3.67,2.9,2.47,3.4,2.74,1.65,2.2,1.7,2.22,1.8,2.26,1.71,2.13,0,1.8,2.05,1.83,2.06,1.9,2.09,1.83,2.02,
B1,14/08/2021,15:15,St. Gilloise,Kortrijk,2,0,H,1,0,H,24,2,8,2,11,20,10,2,0,6,0,1,1.6,4,5.25,1.67,4,5,1.65,4,4.8,1.66,4.22,4.95,1.67,3.7,4.75,1.62,3.9,5,1.74,4.3,5.25,1.65,4.02,4.87,1.85,2,1.84,2.02,1.92,2.03,1.83,1.98,-0.75,1.83,2.02,1.85,2.03,1.89,2.09,1.83,2.02,1.55,4.2,6,1.57,4.25,5.5,1.53,4.1,5.75,1.59,4.19,5.89,1.67,3.7,4.75,1.55,4,5.75,1.62,4.25,6,1.57,4.08,5.54,1.8,2,1.83,2.05,1.88,2.09,1.81,2,-1,2.02,1.83,2.03,1.87,2.13,1.91,2.01,1.84,
B1,14/08/2021,17:30,Eupen,St Truiden,2,1,H,1,0,H,8,18,5,5,18,10,5,8,4,2,0,0,1.95,3.5,3.75,1.95,3.9,3.5,1.97,3.7,3.3,2.01,3.91,3.49,2.2,3.3,3.1,1.95,3.6,3.6,2.04,3.93,3.75,1.98,3.75,3.46,1.75,2.05,1.79,2.07,1.88,2.08,1.79,2.02,-0.5,1.98,1.88,2.01,1.87,2.06,1.93,1.98,1.85,1.85,3.6,4.2,1.83,3.7,4.25,1.85,3.55,3.9,1.89,3.71,4.23,2.2,3.3,3.1,1.83,3.6,4.1,1.92,3.91,4.25,1.87,3.63,3.96,1.9,1.95,1.93,1.94,1.93,2.01,1.86,1.94,-0.5,1.88,1.98,1.89,2,1.92,2.02,1.87,1.97,
B1,14/08/2021,17:30,Seraing,Oostende,2,3,A,1,0,H,10,12,3,7,7,17,3,6,4,5,0,1,3.5,3.6,2,3.5,3.8,2,3.3,3.65,1.97,3.5,3.92,2,3.4,3.4,2.05,3.4,3.6,2,3.53,3.92,2.09,3.41,3.72,2,1.7,2.1,1.68,2.23,1.76,2.25,1.69,2.16,0.5,1.8,2.05,1.87,2,1.88,2.12,1.83,2.02,3.1,3.6,2.2,3.5,3.8,2,3.1,3.45,2.15,3.19,3.5,2.3,3.4,3.4,2.05,3.1,3.5,2.15,3.5,3.8,2.31,3.15,3.51,2.18,1.72,2.07,1.8,2.07,1.85,2.2,1.74,2.09,0.25,1.85,2,1.9,1.98,2,2.05,1.91,1.93,
B1,14/08/2021,19:45,Genk,Oud-Heverlee Leuven,4,0,H,1,0,H,21,15,8,6,11,15,7,6,1,4,0,0,1.45,4.33,7,1.5,4.1,7,1.47,4.6,5.75,1.48,4.28,7.34,1.5,4.2,6,1.45,4.6,6,1.52,4.6,7.34,1.48,4.33,6.53,1.47,2.6,1.48,2.69,1.52,2.7,1.48,2.61,-1,1.73,2.08,1.75,2.14,1.85,2.17,1.77,2.09,1.3,5.25,9.5,1.33,5.25,9.25,1.33,5.75,7,1.35,5.81,7.79,1.5,4.2,6,1.3,5.75,8,1.37,5.9,9.5,1.33,5.52,7.78,1.3,3.5,1.32,3.53,1.37,3.53,1.32,3.28,-1.5,1.8,2.05,1.87,2.02,1.92,2.11,1.86,1.98,
B1,15/08/2021,12:30,Beerschot VA,Standard,0,1,A,0,0,D,14,8,4,1,16,14,3,3,2,1,0,0,3.8,3.5,1.9,3.6,3.8,1.95,3.4,3.6,1.97,3.63,3.73,2.02,3.5,3.5,1.95,3.5,3.6,1.95,3.8,3.8,2.05,3.54,3.64,1.98,1.7,2.1,1.71,2.18,1.79,2.23,1.7,2.13,0.5,1.85,2,1.86,2.02,1.92,2.04,1.85,1.99,3.8,3.5,2,3.4,3.6,2.1,3.2,3.6,2.05,3.51,3.7,2.09,3.4,3.5,2,3.3,3.6,2.05,3.8,3.75,2.14,3.33,3.62,2.05,1.65,2.2,1.69,2.23,1.74,2.3,1.69,2.16,0.25,2.1,1.77,2.09,1.82,2.14,1.86,2.06,1.79,
B1,15/08/2021,15:00,Gent,Mechelen,2,0,H,1,0,H,20,6,8,3,10,11,13,2,2,2,0,0,1.72,4.2,4,1.83,3.5,4.6,1.77,3.65,4.1,1.82,3.66,4.58,1.78,3.5,4.33,1.8,3.75,4,1.87,4.2,4.65,1.8,3.66,4.3,1.53,2.4,1.55,2.52,1.57,2.55,1.53,2.46,-0.75,2,1.85,2.04,1.84,2.08,1.9,2.02,1.83,1.6,4.5,4.75,1.6,4.33,5.25,1.6,4.1,4.9,1.6,4.49,5.32,1.7,3.7,4.5,1.6,4.2,4.75,1.67,4.51,5.6,1.6,4.23,5.04,1.5,2.5,1.54,2.57,1.57,2.63,1.52,2.49,-1,1.9,1.95,1.96,1.93,2.13,2,1.97,1.88,
B1,15/08/2021,17:30,Cercle Brugge,Anderlecht,1,2,A,1,2,A,8,17,2,6,9,11,7,7,2,0,0,0,4,3.6,1.85,3.9,3.5,1.95,3.65,3.45,1.95,3.99,3.55,1.97,3.6,3.3,2,3.8,3.5,1.93,4.01,3.66,2.02,3.86,3.52,1.94,1.95,1.85,1.99,1.86,2,1.95,1.95,1.86,0.5,1.88,1.98,1.9,1.97,1.97,2.04,1.89,1.95,4.2,3.6,1.8,4.1,3.7,1.87,4.1,3.5,1.83,4.77,3.69,1.8,3.9,3.4,1.88,4.33,3.6,1.8,4.77,3.75,1.87,4.32,3.58,1.81,1.95,1.85,2,1.87,2.01,1.93,1.95,1.85,0.75,1.83,2.02,1.84,2.06,1.88,2.11,1.8,2.04,
B1,15/08/2021,20:00,Waregem,Club Brugge,0,4,A,0,1,A,3,20,1,11,8,10,3,7,2,4,0,1,6.5,4.5,1.44,5.75,4.5,1.53,5.75,4.6,1.47,6.08,4.75,1.49,5.8,4.2,1.5,6,4.6,1.45,6.5,4.8,1.53,5.87,4.6,1.48,1.5,2.5,1.53,2.57,1.55,2.6,1.51,2.51,1,2.05,1.8,2.12,1.77,2.16,1.86,2.08,1.77,11,5,1.3,8.5,6,1.3,8,5.75,1.33,7.65,5.58,1.37,7,4.6,1.4,8.5,5.5,1.3,11,6,1.37,8.06,5.46,1.33,1.4,2.87,1.46,2.81,1.46,3.04,1.43,2.78,1.5,1.9,1.95,1.96,1.93,2.01,1.99,1.94,1.9,
B1,20/08/2021,19:45,Standard,Oostende,1,0,H,0,0,D,17,8,5,1,13,19,6,3,4,4,0,1,1.8,3.5,4.2,1.91,3.8,3.8,1.95,3.8,3.45,1.93,3.93,3.81,2.1,3.4,3.2,1.9,3.8,3.6,1.96,3.93,4.2,1.91,3.77,3.67,1.5,2.5,1.52,2.62,1.57,2.63,1.5,2.52,-0.5,1.93,1.93,1.93,1.95,1.96,1.97,1.92,1.92,1.8,3.6,4.2,1.78,4,4.2,1.77,3.95,3.7,1.82,4.05,4.17,2.1,3.4,3.2,1.8,4,3.8,1.95,4.05,4.3,1.82,3.89,3.89,1.44,2.7,1.45,2.82,1.53,2.94,1.45,2.69,-0.5,1.8,2.05,1.81,2.07,1.88,2.09,1.82,2.02,
B1,21/08/2021,15:15,Seraing,Cercle Brugge,2,1,H,0,1,A,10,9,5,5,14,20,5,3,2,3,0,0,2.8,3.5,2.37,2.8,3.5,2.45,2.8,3.35,2.4,2.92,3.48,2.45,2.87,3.25,2.35,2.8,3.3,2.45,2.98,3.55,2.46,2.83,3.4,2.4,1.85,1.95,1.91,1.94,1.94,2.01,1.87,1.92,0,2.05,1.8,2.11,1.77,2.14,1.85,2.09,1.78,2.62,3.5,2.5,2.8,3.5,2.45,2.7,3.2,2.55,2.85,3.44,2.56,2.87,3.25,2.35,2.7,3.3,2.55,2.98,3.5,2.67,2.77,3.34,2.5,1.98,1.88,1.97,1.9,2.01,2.01,1.93,1.87,0,2.05,1.8,2.05,1.84,2.11,1.89,2.02,1.83,
B1,21/08/2021,17:30,Oud-Heverlee Leuven,Eupen,1,4,A,0,2,A,14,21,6,8,8,12,2,6,2,3,0,0,2.3,3.6,2.8,2.4,3.7,2.75,2.35,3.65,2.65,2.36,3.9,2.79,2.37,3.5,2.7,2.3,3.6,2.75,2.47,3.9,2.82,2.35,3.67,2.73,1.65,2.2,1.66,2.26,1.77,2.29,1.66,2.2,-0.25,2.05,1.8,2.07,1.81,2.12,1.85,2.05,1.8,2.62,3.8,2.37,2.55,3.7,2.55,2.7,3.6,2.3,2.79,3.74,2.45,2.37,3.5,2.7,2.6,3.7,2.4,2.81,3.94,2.7,2.69,3.67,2.41,1.53,2.4,1.56,2.51,1.61,2.52,1.54,2.43,0,2,1.8,2.08,1.82,2.17,1.9,2.05,1.8,
B1,21/08/2021,19:45,St Truiden,Kortrijk,0,2,A,0,1,A,24,11,4,2,16,6,6,7,3,3,0,0,2.75,3,2.75,2.65,3.2,2.8,2.6,3,2.65,2.76,3.08,2.84,2.7,3.25,2.5,2.63,3.2,2.63,2.87,3.29,2.84,2.69,3.09,2.72,2,1.8,2.03,1.83,2.04,1.93,1.97,1.83,0,1.9,1.95,1.91,1.96,1.98,2.01,1.92,1.93,2.45,3,3.2,2.4,3.2,3.1,2.4,3.1,2.85,2.56,3.23,3.01,2.7,3.25,2.5,2.45,3.25,2.8,2.58,3.3,3.2,2.48,3.14,2.95,2.05,1.75,2.11,1.77,2.14,1.83,2.06,1.75,0,1.77,2.1,1.79,2.12,1.81,2.17,1.78,2.08,
B1,22/08/2021,15:00,Waregem,Charleroi,2,2,D,1,1,D,20,17,7,4,10,9,8,6,2,1,0,0,3,3.5,2.25,2.9,3.7,2.3,2.8,3.55,2.25,2.99,3.74,2.29,2.87,3.3,2.35,2.9,3.6,2.25,3.01,3.74,2.4,2.88,3.57,2.3,1.66,2.15,1.69,2.21,1.81,2.23,1.7,2.14,0.25,1.85,2,1.88,2,1.91,2.09,1.84,2,3,3.6,2.2,3.1,3.7,2.2,2.85,3.55,2.2,3.04,3.71,2.3,3,3.4,2.2,2.9,3.7,2.2,3.24,3.77,2.3,2.97,3.63,2.23,1.6,2.3,1.63,2.37,1.67,2.38,1.61,2.3,0.25,1.85,2,1.88,2,1.98,2.04,1.87,1.96,
B1,22/08/2021,17:30,Club Brugge,Beerschot VA,3,2,H,2,1,H,13,9,5,4,10,16,8,1,3,6,1,1,1.18,7,13,1.2,7,14,1.2,7,13,1.19,7.33,14.43,1.2,5.8,15,1.18,6.5,15,1.22,7.5,16,1.19,6.85,13.7,1.44,2.7,1.45,2.75,1.5,2.8,1.45,2.67,-2,1.93,1.88,1.95,1.9,2.11,1.95,1.96,1.87,1.18,7,13,1.19,7,14.5,1.2,7.25,13,1.18,7.69,15.02,1.18,6,15,1.17,7,15,1.2,7.9,16.5,1.18,7.16,14.08,1.44,2.7,1.44,2.83,1.49,2.85,1.44,2.71,-2,1.9,1.95,1.89,1.98,1.97,1.98,1.9,1.93,
B1,22/08/2021,20:00,Mechelen,St. Gilloise,3,1,H,1,1,D,12,13,4,5,22,12,6,7,2,3,0,0,3.6,3.5,2,3.5,3.6,2.05,3.35,3.5,2.05,3.6,3.55,2.08,2.9,3.1,2.4,3.4,3.5,2.05,3.66,3.75,2.11,3.45,3.51,2.04,1.66,2.15,1.69,2.22,1.76,2.26,1.68,2.17,0.5,1.75,2.05,1.81,2.08,1.86,2.1,1.79,2.05,4.2,4,1.75,4.2,4,1.78,3.85,3.8,1.77,4.48,4.04,1.77,3.6,3.5,1.95,4.1,3.9,1.75,4.5,4.08,1.91,4.12,3.84,1.8,1.57,2.35,1.6,2.41,1.66,2.41,1.6,2.31,0.75,1.88,1.98,1.91,1.98,1.91,2.17,1.81,2.03,
B1,27/08/2021,19:45,Kortrijk,Mechelen,2,2,D,0,2,A,9,13,5,4,9,20,5,7,2,3,0,0,2.45,3.5,2.9,2.5,3.3,2.85,2.35,3.3,2.8,2.48,3.35,3.02,2.35,3.1,3,2.4,3.4,2.8,2.55,3.5,3.05,2.45,3.33,2.86,1.66,2.15,1.68,2.26,1.73,2.28,1.69,2.17,0,1.73,2.08,1.76,2.15,1.82,2.17,1.76,2.1,2.4,3.5,2.8,2.35,3.4,3,2.3,3.35,2.8,2.44,3.52,2.95,2.35,3.1,3,2.3,3.6,2.75,2.48,3.6,3.08,2.38,3.38,2.89,1.6,2.3,1.64,2.34,1.71,2.34,1.65,2.23,-0.25,2.1,1.77,2.11,1.81,2.19,1.82,2.09,1.77,
B1,28/08/2021,15:15,Charleroi,Beerschot VA,5,2,H,1,0,H,24,6,10,3,15,11,3,5,2,5,0,2,1.7,3.6,4.75,1.75,3.9,4.5,1.73,3.95,4,1.74,4.31,4.27,1.73,3.8,4.2,1.73,3.7,4.5,1.8,4.4,4.75,1.74,3.98,4.28,1.8,2,1.82,2.05,1.93,2.11,1.82,1.99,-0.75,1.98,1.88,1.97,1.89,2.07,1.9,1.96,1.87,1.7,3.4,5,1.8,4,4.1,1.77,3.95,3.8,1.83,4.04,4.18,1.73,3.8,4.2,1.8,3.9,3.9,1.87,4.2,5,1.8,3.94,4.04,1.53,2.4,1.54,2.56,1.75,2.57,1.57,2.37,-0.75,2.05,1.8,2.06,1.84,2.12,1.94,2.02,1.82,
B1,28/08/2021,17:30,Cercle Brugge,St Truiden,0,1,A,0,1,A,24,7,6,2,8,12,9,1,1,2,0,1,1.95,3.5,3.6,2.05,3.6,3.5,2.05,3.6,3.2,2.05,3.84,3.43,2.15,3.3,3.2,2.1,3.4,3.4,2.2,3.84,3.6,2.07,3.58,3.37,1.95,1.9,1.96,1.89,2.11,1.97,1.97,1.84,-0.25,1.73,2.08,1.79,2.09,1.9,2.12,1.79,2.05,2.3,3.4,3,2.3,3.25,3.25,2.3,3.05,3.05,2.41,3.25,3.22,2.15,3.3,3.2,2.3,3.2,3.13,2.42,3.5,3.4,2.32,3.19,3.16,2.25,1.61,2.31,1.65,2.38,1.8,2.24,1.64,-0.25,2.02,1.83,2.06,1.84,2.09,1.92,2.01,1.83,
B1,28/08/2021,17:30,Eupen,Seraing,1,2,A,0,0,D,15,9,2,4,8,5,7,1,3,1,0,0,1.66,3.75,5,1.65,4.25,4.75,1.67,3.95,4.6,1.69,4.06,4.85,1.67,3.75,4.6,1.67,4,4.6,1.75,4.25,5.05,1.68,3.99,4.62,1.65,2.2,1.65,2.29,1.72,2.31,1.65,2.22,-0.75,1.88,1.98,1.9,1.97,1.94,2.02,1.88,1.95,1.6,4,5.25,1.65,4.25,4.75,1.6,4,5,1.61,4.23,5.53,1.67,3.75,4.6,1.6,4,5.25,1.69,4.3,5.53,1.63,4.1,4.96,1.57,2.35,1.59,2.45,1.66,2.45,1.59,2.33,-1,2.05,1.8,2.05,1.85,2.2,1.86,2.06,1.79,
B1,28/08/2021,19:45,St. Gilloise,Standard,4,0,H,2,0,H,16,10,4,0,10,17,2,2,1,5,0,0,1.7,3.8,4.75,1.75,3.7,4.75,1.73,3.65,4.3,1.75,3.76,4.9,1.83,3.25,4.4,1.75,3.7,4.4,1.84,3.83,4.9,1.76,3.69,4.51,1.66,2.15,1.7,2.19,1.74,2.31,1.69,2.15,-0.75,1.95,1.9,1.96,1.91,2.11,1.95,1.98,1.86,1.53,4.2,7,1.57,4.4,5.5,1.55,4.3,5.5,1.56,4.34,5.97,1.83,3.25,4.4,1.53,4.2,5.5,1.59,4.6,7,1.55,4.25,5.64,1.61,2.25,1.65,2.33,1.72,2.33,1.63,2.25,-1,1.95,1.9,1.94,1.94,2.02,1.98,1.93,1.91,
B1,29/08/2021,12:30,Gent,Club Brugge,6,1,H,3,0,H,11,7,6,3,18,12,1,6,2,2,0,0,3.1,3.25,2.3,3.4,3.2,2.25,3,3.2,2.3,3.21,3.28,2.37,3,3.3,2.25,3,3.3,2.3,3.4,3.4,2.44,3.13,3.24,2.31,1.72,2.07,1.76,2.11,1.85,2.11,1.77,2.05,0.25,1.85,2,1.85,2.02,1.91,2.03,1.85,1.98,3.1,3.25,2.3,3,3.3,2.4,2.85,3.15,2.4,3.03,3.29,2.51,3,3.3,2.25,2.88,3.3,2.4,3.14,3.4,2.51,2.97,3.2,2.43,2,1.8,1.99,1.88,2.05,1.94,1.96,1.84,0.25,1.75,2.13,1.78,2.14,1.84,2.19,1.76,2.09,
B1,29/08/2021,15:00,Antwerp,Oud-Heverlee Leuven,2,2,D,2,0,H,14,22,6,6,8,10,7,13,4,4,0,1,1.6,4,5.25,1.62,4,5.5,1.6,3.9,5.5,1.59,3.98,6.09,1.6,3.8,5.25,1.62,4,5,1.66,4.46,6.2,1.61,3.97,5.41,1.47,2.6,1.51,2.58,1.54,2.64,1.51,2.52,-1,2,1.85,1.98,1.88,2.11,1.88,2.01,1.83,1.45,4.2,7.5,1.48,4.5,6.5,1.47,4.7,5.75,1.5,4.66,6.45,1.6,3.8,5.25,1.45,4.75,6,1.52,4.86,7.5,1.47,4.57,6.12,1.44,2.7,1.44,2.87,1.52,2.88,1.45,2.69,-1.25,2.05,1.8,2.06,1.84,2.11,1.88,2.03,1.82,
B1,29/08/2021,17:30,Genk,Anderlecht,1,0,H,0,0,D,12,16,3,0,9,8,3,7,1,5,0,0,2.15,3.4,3.25,2.25,3.2,3.4,2.25,3.2,3.1,2.26,3.28,3.43,2.25,3.1,3.2,2.25,3.3,3.1,2.35,3.4,3.47,2.25,3.22,3.26,1.7,2.1,1.77,2.1,1.81,2.25,1.74,2.08,-0.25,1.93,1.93,1.93,1.93,2.05,1.96,1.94,1.89,2.05,3.4,3.5,2.1,3.5,3.5,2.05,3.5,3.2,2.08,3.77,3.47,2.25,3.1,3.2,2.05,3.6,3.3,2.29,3.77,3.5,2.1,3.56,3.29,1.53,2.4,1.55,2.55,1.75,2.69,1.54,2.44,-0.25,1.8,2.05,1.81,2.08,1.99,2.11,1.83,2.01,
B1,29/08/2021,20:00,Oostende,Waregem,0,2,A,0,1,A,22,12,3,6,13,17,11,1,5,3,0,0,1.8,3.75,4.33,1.85,3.6,4.33,1.77,3.65,4.1,1.8,3.6,4.8,1.83,3.75,3.75,1.83,3.8,3.9,1.89,3.88,4.9,1.81,3.65,4.29,1.47,2.6,1.51,2.6,1.58,2.64,1.51,2.52,-0.5,1.83,2.02,1.79,2.08,1.89,2.08,1.82,2.03,1.57,4,5.75,1.62,4.25,5,1.6,4.4,4.6,1.62,4.33,5.32,1.83,3.75,3.75,1.57,4.4,4.75,1.63,4.5,5.75,1.6,4.26,4.96,1.4,2.87,1.43,2.91,1.47,2.95,1.42,2.8,-1,2,1.85,2.01,1.88,2.04,1.91,1.98,1.86,
B1,10/09/2021,19:45,Club Brugge,Oostende,3,0,H,1,0,H,31,4,7,2,11,14,10,4,0,5,0,1,1.33,5.25,7.5,1.36,5.25,7,1.35,5.25,7.25,1.35,5.34,9.26,1.3,5,9,1.33,5.25,8,1.37,5.5,9.4,1.34,5.2,8.15,1.5,2.5,1.51,2.66,1.54,2.66,1.51,2.52,-1.5,2,1.85,2.02,1.87,2.06,1.91,1.98,1.86,1.28,5.75,9.5,1.3,5.75,9.25,1.33,5.75,8,1.3,5.73,9.89,1.3,5,9,1.3,5.5,8.5,1.36,6.1,10,1.3,5.64,8.78,1.4,2.87,1.42,2.89,1.5,2.95,1.42,2.79,-1.5,1.77,2.02,1.79,2.08,1.96,2.14,1.83,2,
B1,11/09/2021,15:15,Eupen,Antwerp,0,1,A,0,0,D,17,14,4,6,8,9,7,5,2,5,0,0,2.7,3.4,2.5,2.65,3.5,2.45,2.5,3.6,2.5,2.58,3.71,2.48,2.6,3.5,2.45,2.55,3.6,2.5,2.7,3.86,2.57,2.58,3.66,2.49,1.6,2.3,1.61,2.36,1.71,2.41,1.62,2.29,0,1.95,1.9,1.96,1.89,1.99,1.95,1.95,1.9,3,3.4,2.3,2.85,3.6,2.4,2.7,3.6,2.3,2.89,3.68,2.41,2.6,3.5,2.45,2.75,3.7,2.3,3,3.82,2.5,2.76,3.66,2.36,1.53,2.4,1.56,2.51,1.59,2.52,1.54,2.42,0.25,1.8,2.05,1.81,2.09,1.86,2.12,1.79,2.06,
B1,11/09/2021,17:30,Waregem,Cercle Brugge,2,4,A,1,0,H,4,17,2,8,13,7,2,8,1,2,1,0,2.4,3.4,2.87,2.35,3.5,2.8,2.4,3.55,2.7,2.44,3.63,2.67,2.35,3.4,2.75,2.38,3.6,2.7,2.5,3.74,2.87,2.4,3.56,2.73,1.65,2.2,1.63,2.31,1.71,2.33,1.64,2.24,0,1.83,2.02,1.84,2.02,1.86,2.13,1.8,2.05,3,3.5,2.3,2.8,3.5,2.45,2.75,3.35,2.35,2.78,3.53,2.56,2.35,3.4,2.75,2.8,3.5,2.38,3,3.71,2.78,2.75,3.45,2.45,1.72,2.07,1.76,2.13,1.78,2.29,1.72,2.11,0,2.05,1.75,2.03,1.86,2.17,2.07,2.08,1.78,
B1,12/09/2021,12:30,Anderlecht,Mechelen,7,2,H,1,1,D,15,8,9,3,9,5,5,3,1,0,0,0,1.65,3.8,4.75,1.67,4,4.5,1.63,4.1,4.7,1.61,4.18,4.79,1.7,3.8,4.4,1.65,4,4.75,1.71,4.4,5,1.66,4.08,4.65,1.61,2.25,1.61,2.36,1.7,2.38,1.62,2.27,-0.75,1.85,2,1.81,2.05,1.94,2.05,1.84,2,1.5,4.2,5.75,1.55,4.33,5.75,1.5,4.6,5.5,1.53,4.55,6.14,1.7,3.8,4.4,1.5,4.5,5.5,1.55,4.7,6.14,1.52,4.47,5.62,1.5,2.5,1.55,2.55,1.55,2.67,1.49,2.56,-1,1.8,2.05,1.83,2.07,1.91,2.11,1.83,2.02,
B1,12/09/2021,15:00,Gent,Charleroi,2,3,A,1,2,A,23,13,10,4,7,18,13,3,2,5,0,1,1.55,4.2,5.25,1.62,4.1,4.75,1.57,4.3,5,1.59,4.25,5.38,1.57,4,5.25,1.55,4.2,5.25,1.62,4.4,5.5,1.58,4.24,5.11,1.57,2.35,1.63,2.31,1.66,2.4,1.6,2.3,-1,1.98,1.88,2,1.86,2.03,1.93,1.98,1.86,1.5,4.33,6,1.53,4.5,5.75,1.5,4.4,5.75,1.51,4.67,6.15,1.57,4,5.25,1.5,4.4,6,1.56,4.7,6.62,1.5,4.46,5.85,1.57,2.35,1.58,2.47,1.67,2.47,1.57,2.36,-1,1.8,2.05,1.83,2.08,1.89,2.12,1.81,2.03,
B1,12/09/2021,17:30,Seraing,Standard,0,1,A,0,1,A,19,7,6,3,15,16,8,2,4,7,0,1,3.6,3.5,2,3.4,3.6,2,3.35,3.55,2,3.53,3.59,2,3.6,3.4,1.95,3.5,3.6,1.95,3.64,3.75,2.04,3.46,3.61,2,1.75,2.05,1.76,2.08,1.81,2.13,1.76,2.05,0.5,1.83,2.02,1.83,2.03,1.88,2.08,1.83,2.01,3,3.4,2.3,3.1,3.4,2.3,2.95,3.35,2.25,3.07,3.47,2.38,3.6,3.4,1.95,2.9,3.5,2.25,3.28,3.6,2.38,3.04,3.38,2.29,1.72,2.07,1.74,2.16,1.88,2.18,1.77,2.05,0.25,1.8,2.05,1.85,2.05,1.9,2.08,1.85,2,
B1,12/09/2021,20:00,Genk,St. Gilloise,1,1,D,0,0,D,17,17,5,7,8,13,6,4,1,1,0,1,2.2,3.6,3,2.25,3.5,2.9,2.2,3.65,2.8,2.3,3.88,2.89,2.2,3.6,2.88,2.25,3.7,2.88,2.3,3.9,3.01,2.24,3.69,2.89,1.57,2.35,1.6,2.39,1.65,2.41,1.58,2.35,-0.25,1.98,1.88,2,1.85,2.02,1.94,1.97,1.87,2.8,3.6,2.3,2.75,3.7,2.4,2.65,3.55,2.35,2.83,3.58,2.49,2.2,3.6,2.88,2.75,3.5,2.38,2.83,3.92,2.52,2.74,3.54,2.42,1.5,2.5,1.52,2.59,1.55,2.63,1.51,2.5,0,2.1,1.77,2.08,1.83,2.13,1.88,2.05,1.8,
B1,12/09/2021,20:00,Oud-Heverlee Leuven,Kortrijk,2,1,H,0,0,D,17,15,5,8,8,19,3,4,2,6,0,1,2.7,3.4,2.5,2.6,3.6,2.45,2.55,3.5,2.45,2.66,3.65,2.57,2.55,3.6,2.45,2.6,3.6,2.45,2.75,3.75,2.72,2.62,3.59,2.48,1.65,2.2,1.65,2.3,1.74,2.35,1.64,2.25,0,1.95,1.9,1.96,1.89,2.04,1.96,1.98,1.87,2.5,3.4,2.7,2.45,3.7,2.7,2.45,3.55,2.55,2.53,3.85,2.65,2.55,3.6,2.45,2.45,3.6,2.6,2.57,3.85,2.71,2.47,3.64,2.62,1.6,2.3,1.58,2.47,1.67,2.47,1.61,2.3,0,1.88,1.98,1.9,1.99,1.91,2.07,1.86,1.99,
B1,13/09/2021,19:00,Beerschot VA,St Truiden,0,1,A,0,1,A,14,6,2,3,14,18,5,1,4,3,0,0,2.5,3.4,2.7,2.4,3.4,2.75,2.45,3.45,2.6,2.48,3.43,2.73,2.5,3.3,2.62,2.4,3.5,2.7,2.56,3.6,2.8,2.47,3.45,2.71,1.72,2.07,1.83,2.01,1.84,2.19,1.78,2.04,0,1.83,2.02,1.83,2.02,1.89,2.09,1.83,2.02,2.55,3.4,2.7,2.55,3.3,2.8,2.5,3.2,2.7,2.64,3.31,2.85,2.38,3.3,2.8,2.5,3.3,2.75,2.69,3.46,3.04,2.53,3.27,2.79,1.98,1.88,1.99,1.88,2.02,1.96,1.93,1.87,0,1.83,2.02,1.87,2.02,1.88,2.1,1.84,2.02,
B1,17/09/2021,19:45,Cercle Brugge,Eupen,1,2,A,1,1,D,12,14,3,8,10,17,4,5,2,3,0,0,2.05,3.6,3.4,2.1,3.6,3.4,2.1,3.45,3.15,2.17,3.56,3.41,2.55,3.3,2.6,2.05,3.5,3.4,2.21,3.75,3.45,2.11,3.52,3.33,1.85,1.95,1.88,1.98,1.92,2.1,1.85,1.96,-0.25,1.88,1.98,1.88,2.01,1.93,2.08,1.84,2.01,2,3.6,3.5,2.05,3.5,3.6,2.05,3.45,3.35,2.1,3.52,3.64,2.55,3.3,2.6,2,3.5,3.5,2.13,3.7,3.76,2.05,3.47,3.49,1.9,1.95,1.93,1.94,1.95,1.99,1.88,1.92,-0.25,1.8,2.05,1.82,2.09,1.85,2.13,1.78,2.07,
B1,18/09/2021,15:15,Oostende,Beerschot VA,3,1,H,2,0,H,18,12,12,4,20,11,8,5,4,2,0,0,1.7,4,4.2,1.75,4,4.33,1.77,3.85,4,1.75,3.99,4.43,1.75,3.7,4.2,1.75,3.6,4.5,1.8,4.1,4.5,1.75,3.91,4.29,1.65,2.2,1.7,2.17,1.71,2.31,1.67,2.19,-0.75,1.98,1.88,1.96,1.88,2.04,1.92,1.96,1.88,1.9,4,3.4,1.87,3.8,3.9,1.9,3.65,3.55,1.91,3.95,3.86,1.75,3.7,4.2,1.87,3.75,3.7,1.94,4.03,4.38,1.89,3.77,3.71,1.6,2.3,1.58,2.39,1.78,2.39,1.64,2.24,-0.5,1.9,1.95,1.91,1.97,1.96,2.02,1.91,1.94,
B1,18/09/2021,17:30,Mechelen,Oud-Heverlee Leuven,2,0,H,2,0,H,8,14,4,5,21,10,2,5,5,5,0,1,1.66,3.8,5,1.7,4.2,4.5,1.7,4,4.3,1.72,4.07,4.49,1.75,3.9,4,1.7,4,4.33,1.75,4.38,5,1.71,4.07,4.31,1.4,2.87,1.43,2.82,1.45,2.92,1.43,2.78,-0.75,1.88,1.98,1.91,1.94,1.94,2.03,1.9,1.94,1.75,4,4.2,1.75,4,4.33,1.75,4,3.85,1.82,3.97,4.26,1.75,3.9,4,1.73,4.2,3.9,1.85,4.34,4.4,1.77,4.03,4.03,1.36,3.1,1.45,2.84,1.45,3.32,1.37,3.02,-0.75,2,1.85,2.02,1.87,2.07,1.94,1.97,1.87,
B1,18/09/2021,17:30,St. Gilloise,Waregem,2,1,H,0,0,D,20,11,6,5,19,13,11,4,2,2,0,1,1.22,6,11,1.22,6.75,11.5,1.22,6.75,11,1.22,6.61,11.35,1.22,5.5,12,1.2,6,13,1.24,7,13,1.22,6.5,11.37,1.36,3.1,1.41,2.89,1.45,3.1,1.41,2.85,-2,1.98,1.88,2.06,1.78,2.1,1.89,2.04,1.8,1.18,7.5,12,1.17,7.5,15.5,1.15,9,15,1.15,8.67,17.09,1.22,5.5,12,1.12,8.5,17,1.21,9,21,1.15,8.23,15.19,1.28,3.6,1.27,3.8,1.38,3.87,1.28,3.61,-2.25,1.8,2,1.82,2.05,1.94,2.14,1.84,2.01,
B1,18/09/2021,19:45,Charleroi,Club Brugge,0,1,A,0,0,D,17,13,5,4,3,10,8,8,1,2,0,0,4.75,3.8,1.65,4.75,4,1.7,4.4,4.1,1.67,4.55,4.3,1.68,4.33,3.6,1.75,4.6,3.8,1.7,4.75,4.4,1.75,4.49,4.09,1.69,1.65,2.2,1.64,2.28,1.74,2.31,1.66,2.22,0.75,1.98,1.88,1.99,1.87,2.03,1.97,1.97,1.87,4.2,3.8,1.7,4.6,3.9,1.75,4.4,3.8,1.73,4.77,3.88,1.76,4.33,3.6,1.75,4.33,3.9,1.73,4.79,4.1,1.79,4.45,3.87,1.73,1.65,2.2,1.69,2.24,1.74,2.28,1.67,2.19,0.75,1.88,1.98,1.92,1.97,1.96,2.04,1.9,1.95,
B1,19/09/2021,12:30,St Truiden,Genk,1,2,A,1,0,H,8,8,3,2,15,10,6,2,4,1,0,0,4.2,3.6,1.83,4.1,3.8,1.85,3.8,3.75,1.85,3.97,3.88,1.86,4,3.6,1.8,3.9,3.75,1.83,4.2,3.96,1.9,3.87,3.78,1.85,1.66,2.15,1.69,2.19,1.71,2.28,1.68,2.18,0.5,2,1.85,1.99,1.86,2.05,1.9,1.98,1.86,3.3,3.6,2.2,3.2,3.5,2.2,3.15,3.45,2.2,3.19,3.53,2.29,4,3.6,1.8,3,3.5,2.2,3.3,3.66,2.31,3.1,3.46,2.23,1.7,2.1,1.75,2.14,1.78,2.27,1.72,2.13,0.25,1.88,1.98,1.91,1.98,1.97,2.05,1.9,1.95,
B1,19/09/2021,15:00,Antwerp,Seraing,2,1,H,0,0,D,19,11,6,2,13,7,10,6,1,1,0,0,1.5,4.33,5.5,1.53,4.4,6,1.55,4.5,5.25,1.55,4.5,5.48,1.5,4.2,5.8,1.53,4.2,5.5,1.58,4.6,6,1.53,4.42,5.42,1.53,2.4,1.56,2.46,1.57,2.55,1.54,2.43,-1,1.9,1.95,1.92,1.93,1.96,2.03,1.89,1.95,1.66,4,5.25,1.62,4.25,5,1.65,4.1,4.5,1.69,4.06,4.97,1.5,4.2,5.8,1.65,4,4.75,1.7,4.25,5.25,1.66,4.03,4.74,1.57,2.35,1.62,2.38,1.62,2.44,1.58,2.35,-0.75,1.85,2,1.87,2.02,1.88,2.07,1.84,2.01,
B1,19/09/2021,17:30,Standard,Anderlecht,0,1,A,0,1,A,7,12,1,4,17,11,6,4,3,4,2,0,3.4,3.3,2.05,3.2,3.7,2.15,3,3.45,2.15,3.2,3.6,2.2,3,3.4,2.2,3.13,3.5,2.15,3.4,3.7,2.28,3.12,3.49,2.18,1.8,2,1.9,1.93,1.92,2.05,1.84,1.96,0.25,1.95,1.9,1.94,1.91,1.99,1.95,1.93,1.91,4,3.3,1.85,4.1,3.5,1.91,3.6,3.45,1.95,4,3.6,1.97,3,3.4,2.2,3.5,3.6,1.95,4.1,3.8,2.03,3.74,3.54,1.96,1.7,2.1,1.75,2.15,1.82,2.18,1.77,2.06,0.5,1.88,1.98,1.92,1.97,1.96,2.04,1.88,1.97,
B1,19/09/2021,20:00,Kortrijk,Gent,1,0,H,1,0,H,7,15,3,3,18,15,3,7,4,3,0,0,4.5,3.8,1.75,4.1,4,1.8,3.75,3.95,1.8,4.04,4.09,1.8,3.8,3.7,1.83,4,3.8,1.8,4.5,4.2,1.84,3.94,3.95,1.81,1.65,2.2,1.64,2.28,1.69,2.35,1.63,2.26,0.75,1.83,2.02,1.83,2.03,1.85,2.14,1.8,2.04,4,3.8,1.75,4.25,4,1.78,3.8,3.75,1.83,4.17,3.83,1.87,3.8,3.7,1.83,3.9,3.75,1.83,4.5,4,1.93,3.96,3.79,1.84,1.7,2.1,1.78,2.11,1.79,2.21,1.72,2.12,0.5,2,1.85,2.02,1.87,2.08,1.9,2,1.85,
B1,22/09/2021,19:45,Antwerp,Genk,4,2,H,3,1,H,10,16,7,7,11,12,4,8,5,3,1,0,2.9,3.6,2.05,3.25,3.9,2.05,2.95,3.75,2.1,3.16,3.94,2.1,3.1,3.5,2.1,3,3.75,2.15,3.25,3.99,2.26,3.05,3.8,2.11,1.57,2.35,1.55,2.48,1.58,2.5,1.55,2.41,0.25,1.95,1.9,2.01,1.85,2.01,1.97,1.96,1.88,2.8,3.6,2.3,2.85,3.9,2.25,2.65,3.7,2.35,2.86,3.83,2.37,3.1,3.5,2.1,2.75,3.9,2.25,3.3,4.02,2.42,2.78,3.81,2.29,1.44,2.7,1.49,2.7,1.53,2.85,1.45,2.7,0.25,1.8,2.05,1.83,2.07,2.07,2.13,1.82,2.03,
B1,23/09/2021,19:45,Anderlecht,Gent,1,1,D,0,1,A,13,11,5,2,9,14,7,3,2,2,0,0,2.15,3.4,2.9,2.2,3.6,3.1,2.15,3.55,3.05,2.17,3.68,3.21,2.25,3.4,2.9,2.15,3.5,3.1,2.23,3.76,3.3,2.15,3.58,3.12,1.7,2.1,1.75,2.11,1.78,2.25,1.73,2.09,-0.25,1.88,1.98,1.89,1.96,1.93,2.04,1.89,1.96,2.05,3.6,3.25,2.15,3.4,3.4,2.2,3.25,3.2,2.15,3.5,3.53,2.15,3.4,3.1,2.1,3.4,3.3,2.25,3.6,3.67,2.15,3.35,3.34,1.95,1.85,1.98,1.89,2.02,1.93,1.95,1.84,-0.25,1.85,2,1.85,2.04,1.89,2.1,1.86,1.99,
B1,24/09/2021,19:45,Club Brugge,Oud-Heverlee Leuven,1,1,D,0,1,A,32,5,9,1,8,10,14,1,1,2,0,0,1.22,5.75,9,1.2,7.25,12.5,1.25,6.75,10,1.24,6.99,10.74,1.25,5.5,10,1.22,6.5,11,1.31,7.5,12.5,1.23,6.65,10.62,1.4,2.87,1.37,3.12,1.42,3.3,1.38,2.98,-1.75,1.85,2,1.87,2,1.9,2.17,1.84,2,1.18,6,11,1.2,7.25,12.5,1.2,7,11,1.2,7.76,12.36,1.25,5.5,10,1.18,7,13,1.27,7.9,13.25,1.2,7.12,11.85,1.36,3.1,1.33,3.35,1.42,3.35,1.35,3.1,-2,1.93,1.93,1.93,1.93,2.18,1.98,1.93,1.91,
B1,25/09/2021,15:15,Beerschot VA,Eupen,0,3,A,0,1,A,7,16,1,5,10,9,4,7,5,4,2,0,2.75,3.4,2.37,2.8,3.6,2.4,2.65,3.65,2.3,2.76,3.85,2.37,2.8,3.4,2.35,2.7,3.5,2.4,2.8,3.91,2.43,2.73,3.64,2.37,1.65,2.2,1.65,2.27,1.77,2.3,1.67,2.2,0,2.02,1.83,2.08,1.78,2.11,1.86,2.05,1.81,2.9,3.4,2.25,2.8,3.6,2.4,2.65,3.5,2.4,2.87,3.55,2.48,2.8,3.4,2.35,2.8,3.6,2.3,3.03,3.86,2.51,2.77,3.56,2.38,1.7,2.1,1.71,2.2,1.74,2.28,1.68,2.17,0.25,1.73,2.08,1.77,2.13,1.9,2.2,1.77,2.08,
B1,25/09/2021,17:30,Waregem,Kortrijk,2,2,D,0,0,D,11,11,3,3,16,10,3,5,5,2,0,0,2.75,3.6,2.25,2.85,3.75,2.3,2.8,3.65,2.2,2.93,3.88,2.25,2.8,3.5,2.3,2.88,3.6,2.25,2.98,3.97,2.3,2.87,3.71,2.25,1.57,2.35,1.6,2.38,1.62,2.4,1.59,2.33,0.25,1.88,1.98,1.88,1.97,1.93,2.04,1.86,1.97,3.1,3.6,2.05,2.85,3.75,2.3,2.75,3.7,2.2,3.24,3.88,2.14,2.8,3.5,2.3,2.8,3.75,2.25,3.24,3.95,2.36,2.88,3.76,2.23,1.44,2.7,1.49,2.7,1.61,2.75,1.5,2.55,0.25,1.98,1.88,2.02,1.87,2.06,2.04,1.89,1.95,
B1,25/09/2021,19:45,Standard,St Truiden,1,2,A,1,0,H,7,12,1,4,20,20,2,1,2,4,0,0,1.9,3.6,3.4,1.95,3.7,3.7,1.97,3.5,3.45,2.02,3.56,3.73,2,3.3,3.6,1.95,3.6,3.6,2.05,3.7,3.79,2,3.54,3.58,1.8,2,1.86,1.98,1.89,2.06,1.82,1.99,-0.5,2.02,1.83,2.02,1.84,2.06,1.88,2,1.84,1.9,3.6,3.5,1.95,3.6,3.8,1.95,3.45,3.6,1.97,3.55,4.07,2,3.3,3.6,1.9,3.5,3.9,2.05,3.65,4.08,1.96,3.49,3.77,1.9,1.9,1.93,1.94,1.98,2.01,1.92,1.88,-0.5,1.93,1.93,1.97,1.92,2.03,1.96,1.96,1.88,
B1,26/09/2021,12:30,St. Gilloise,Antwerp,1,2,A,1,0,H,20,12,11,5,14,7,10,7,3,3,0,0,1.5,4.33,5,1.55,4.4,5.5,1.6,4.2,4.9,1.59,4.33,5.3,1.5,4,6,1.55,4.2,5.25,1.63,4.4,6,1.58,4.24,5.15,1.57,2.35,1.61,2.34,1.63,2.4,1.59,2.33,-1,1.98,1.88,2,1.85,2.05,1.94,1.98,1.86,1.55,4.2,4.75,1.62,4.33,5,1.63,4.3,4.6,1.62,4.31,5.33,1.5,4,6,1.57,4.33,5,1.63,4.5,6,1.59,4.28,5.02,1.5,2.5,1.54,2.58,1.57,2.7,1.5,2.54,-1,2,1.85,2.04,1.85,2.06,1.92,1.97,1.86,
B1,26/09/2021,15:00,Gent,Cercle Brugge,2,1,H,0,1,A,12,11,6,4,20,18,8,6,3,5,0,0,1.33,4.5,7,1.42,4.75,7.5,1.4,4.9,7,1.38,5.1,7.75,1.4,4.4,7.5,1.4,4.8,7,1.42,5.2,7.9,1.39,4.89,7.19,1.53,2.4,1.55,2.48,1.6,2.5,1.55,2.41,-1.25,1.85,2,1.86,1.99,1.98,2.06,1.88,1.96,1.53,4,5.25,1.67,3.8,5.25,1.6,3.75,5.75,1.62,3.92,6.07,1.4,4.4,7.5,1.62,3.8,5.25,1.67,4.95,7.25,1.62,3.83,5.5,1.95,1.85,1.97,1.9,2.02,2.3,1.94,1.86,-0.75,1.77,2.1,1.8,2.11,1.87,2.14,1.8,2.05,
B1,26/09/2021,17:30,Oostende,Anderlecht,2,2,D,2,0,H,9,18,5,6,11,7,3,3,2,1,0,1,4.33,3.75,1.66,4,3.9,1.83,3.75,3.9,1.8,4,4.03,1.82,4.2,3.8,1.73,3.9,3.9,1.8,4.33,4.1,1.84,3.92,3.92,1.8,1.6,2.3,1.63,2.3,1.66,2.35,1.61,2.28,0.75,1.77,2.02,1.79,2.06,1.87,2.11,1.81,2.03,4.5,4,1.61,4.75,4.2,1.67,4.5,4,1.67,5.13,4.36,1.63,4.2,3.8,1.73,4.8,4.1,1.62,5.13,4.36,1.77,4.61,4.14,1.65,1.57,2.35,1.59,2.45,1.62,2.46,1.58,2.35,0.75,2.02,1.77,2.11,1.79,2.17,1.93,2.03,1.82,
B1,26/09/2021,20:00,Charleroi,Mechelen,0,2,A,0,1,A,12,11,1,5,9,10,10,4,1,3,0,0,1.9,3.75,3.4,2.05,3.7,3.4,2.05,3.75,3.15,2.03,3.9,3.38,2.05,3.5,3.25,2,3.75,3.3,2.06,3.97,3.5,2.03,3.79,3.29,1.57,2.35,1.58,2.41,1.61,2.45,1.57,2.36,-0.5,2.02,1.83,2.03,1.83,2.07,1.88,2.03,1.82,2,3.8,3.4,2,3.8,3.5,2.05,3.65,3.15,2.08,3.73,3.52,2.05,3.5,3.25,2.05,3.7,3.2,2.1,4,3.97,1.99,3.74,3.44,1.57,2.35,1.6,2.41,1.61,2.57,1.56,2.39,-0.25,1.77,2.02,1.8,2.09,1.86,2.23,1.75,2.11,
B1,26/09/2021,20:00,Genk,Seraing,3,0,H,2,0,H,12,5,8,2,12,9,5,3,3,2,0,0,1.3,5,7.5,1.33,5.25,9.25,1.33,5.5,7.75,1.31,5.6,8.96,1.27,5.25,10,1.3,5.25,9,1.34,6,10,1.31,5.46,8.63,1.5,2.5,1.53,2.53,1.55,2.6,1.51,2.51,-1.5,1.95,1.9,1.95,1.9,1.99,2,1.92,1.93,1.3,5,8,1.34,5.5,8,1.33,5.75,7,1.36,5.77,7.7,1.27,5.25,10,1.33,5.5,7.5,1.4,6,8.75,1.34,5.5,7.41,1.36,3.1,1.37,3.2,1.5,3.2,1.38,2.97,-1.5,1.9,1.95,1.93,1.95,2,2,1.93,1.91,
B1,01/10/2021,19:45,Mechelen,Standard,3,1,H,3,0,H,16,16,8,4,9,17,5,5,2,3,0,0,2.15,3.8,3.1,2.25,3.75,2.85,2.2,3.6,2.85,2.3,3.74,3.01,2.25,3.6,2.8,2.2,3.7,2.9,2.3,3.85,3.1,2.25,3.66,2.95,1.53,2.4,1.57,2.49,1.57,2.55,1.54,2.45,-0.25,2,1.85,2.01,1.88,2.04,1.92,1.97,1.88,2.15,3.8,3,2.25,3.75,2.85,2.2,3.6,2.85,2.27,3.81,3.02,2.25,3.6,2.8,2.15,3.7,3,2.27,3.84,3.15,2.2,3.66,2.98,1.57,2.35,1.59,2.45,1.61,2.55,1.55,2.42,-0.25,1.93,1.93,1.99,1.9,1.99,1.98,1.94,1.91,
B1,02/10/2021,15:15,Kortrijk,Charleroi,2,2,D,1,0,H,20,21,8,10,14,8,5,6,2,4,0,0,2.6,3.6,2.6,2.45,3.7,2.65,2.5,3.55,2.5,2.65,3.64,2.55,2.45,3.4,2.62,2.5,3.5,2.6,2.66,3.74,2.65,2.56,3.59,2.57,1.7,2.1,1.73,2.13,1.78,2.21,1.72,2.13,0,1.93,1.93,1.96,1.89,1.96,2.03,1.91,1.94,2.87,3.6,2.37,2.55,3.7,2.5,2.65,3.45,2.4,2.83,3.62,2.48,2.45,3.4,2.62,2.7,3.5,2.4,2.87,3.7,2.52,2.72,3.51,2.43,1.7,2.1,1.72,2.19,1.76,2.23,1.71,2.13,0,2.05,1.8,2.08,1.83,2.11,1.89,2.04,1.82,
B1,02/10/2021,17:30,Cercle Brugge,St. Gilloise,0,3,A,0,0,D,8,11,2,5,13,13,4,3,2,2,0,0,5,4,1.66,4.75,4,1.68,4.3,3.9,1.7,4.68,4.05,1.7,4.75,3.7,1.66,4.8,3.9,1.65,5,4.1,1.72,4.7,3.98,1.68,1.7,2.1,1.75,2.1,1.78,2.19,1.73,2.1,0.75,1.98,1.88,1.95,1.9,2.04,1.92,1.97,1.88,4.5,3.8,1.75,4.75,4,1.68,4.1,3.6,1.77,4.37,3.76,1.85,4.75,3.7,1.66,4.33,3.7,1.75,5.2,4.2,1.85,4.38,3.72,1.78,1.8,2,1.89,1.98,1.9,2.1,1.83,1.98,0.75,1.75,2.05,1.8,2.09,2.03,2.11,1.84,2.01,
B1,02/10/2021,17:30,St Truiden,Oostende,1,1,D,0,0,D,14,9,4,1,15,10,5,4,2,1,0,0,2.1,3.8,3.2,2.05,3.6,3.3,2.1,3.65,3,2.13,3.84,3.16,2.2,3.4,3,2.1,3.5,3.2,2.26,3.9,3.3,2.13,3.66,3.13,1.72,2.07,1.75,2.1,1.86,2.12,1.76,2.07,-0.25,1.88,1.98,1.87,1.98,1.95,2.04,1.87,1.97,2,3.8,3.4,2.05,3.6,3.3,1.97,3.55,3.5,1.99,3.73,3.79,2.2,3.4,3,1.95,3.6,3.6,2.13,3.83,3.89,2,3.64,3.52,1.8,2,1.81,2.05,1.83,2.12,1.78,2.04,-0.5,1.95,1.9,1.99,1.9,2.09,1.94,1.99,1.85,
B1,02/10/2021,19:45,Oud-Heverlee Leuven,Beerschot VA,0,0,D,0,0,D,16,14,7,4,13,16,10,4,3,4,1,0,2.1,4,3,2.05,3.9,3.1,2.15,3.75,2.9,2.21,3.88,2.99,2.05,3.6,3.2,2.1,3.8,3,2.22,4,3.15,2.16,3.8,3,1.53,2.4,1.55,2.49,1.55,2.55,1.52,2.48,-0.25,1.9,1.95,1.94,1.91,1.95,2.02,1.9,1.94,1.8,4.2,3.75,1.87,3.8,3.8,1.9,3.8,3.5,1.9,4.03,3.83,2.05,3.6,3.2,1.87,3.8,3.7,2.04,4.2,3.84,1.91,3.89,3.6,1.57,2.35,1.6,2.41,1.62,2.55,1.56,2.39,-0.5,1.93,1.93,1.9,1.99,2.01,1.99,1.92,1.92,
B1,03/10/2021,12:30,Anderlecht,Club Brugge,1,1,D,0,1,A,18,11,4,4,8,12,7,6,2,4,0,0,2.87,3.6,2.37,2.7,3.75,2.37,2.7,3.5,2.35,2.86,3.61,2.4,2.75,3.4,2.35,2.75,3.5,2.4,2.89,3.75,2.47,2.8,3.51,2.4,1.8,2,1.83,2.01,1.86,2.11,1.79,2.02,0,2.05,1.8,2.1,1.76,2.13,1.86,2.09,1.79,2.55,3.6,2.62,2.55,3.6,2.55,2.5,3.35,2.6,2.33,3.69,3,2.75,3.4,2.35,2.6,3.5,2.5,2.71,3.69,3,2.5,3.46,2.7,1.72,2.07,1.76,2.12,1.82,2.19,1.76,2.06,-0.25,2.05,1.75,2.03,1.86,2.3,1.87,2.16,1.72,
B1,03/10/2021,15:00,Seraing,Waregem,5,1,H,2,0,H,26,9,16,4,5,9,7,3,0,0,0,1,2,4,3.3,1.95,4,3.3,2.05,3.8,3.15,2.03,3.95,3.33,2,3.6,3.3,2,3.75,3.3,2.1,4,3.4,2.03,3.83,3.27,1.57,2.35,1.61,2.36,1.66,2.43,1.59,2.34,-0.25,1.75,2.05,1.78,2.08,1.85,2.12,1.79,2.05,1.9,4,3.6,1.83,4,3.8,1.95,3.85,3.4,1.95,4.02,3.65,2,3.6,3.3,1.9,3.9,3.5,1.97,4.1,4,1.9,3.89,3.58,1.5,2.5,1.5,2.66,1.54,2.78,1.48,2.58,-0.5,1.93,1.93,1.95,1.93,1.98,2.07,1.91,1.92,
B1,03/10/2021,17:30,Antwerp,Gent,1,0,H,0,0,D,11,13,5,3,6,12,6,7,1,2,0,1,2.75,3.75,2.4,2.6,3.9,2.37,2.6,3.7,2.35,2.68,3.88,2.42,2.62,3.5,2.4,2.7,3.6,2.4,2.8,3.9,2.55,2.66,3.71,2.42,1.65,2.2,1.63,2.32,1.71,2.35,1.63,2.26,0,2.02,1.83,2.03,1.83,2.11,1.94,2.02,1.84,2.87,3.6,2.3,2.9,3.5,2.3,2.85,3.35,2.3,3.13,3.46,2.35,2.62,3.5,2.4,2.88,3.5,2.3,3.13,3.64,2.43,2.92,3.42,2.34,1.8,2,1.87,2.01,1.88,2.12,1.77,2.05,0.25,1.83,2.02,1.87,2.03,1.92,2.12,1.82,2.03,
B1,03/10/2021,20:00,Eupen,Genk,3,2,H,1,1,D,12,10,7,4,18,11,5,4,2,1,0,0,3.25,4,2.05,3.25,3.9,2,3.05,3.8,2.05,3.21,4.01,2.06,3.1,3.7,2.05,3.1,3.8,2.05,3.3,4.1,2.14,3.17,3.84,2.06,1.5,2.5,1.49,2.63,1.53,2.63,1.5,2.54,0.25,2,1.85,2.05,1.82,2.05,1.9,2.01,1.83,3.8,4.2,1.85,3.6,4,1.88,3.35,3.8,1.95,3.63,4.14,1.93,3.1,3.7,2.05,3.6,3.9,1.87,3.8,4.2,1.95,3.59,3.91,1.9,1.5,2.5,1.52,2.62,1.57,2.62,1.5,2.53,0.5,1.98,1.88,1.95,1.93,2.04,1.95,1.93,1.9,
B1,15/10/2021,19:45,Club Brugge,Kortrijk,2,0,H,2,0,H,17,10,6,0,13,9,4,1,3,5,0,0,1.2,5.5,13,1.21,7,13.5,1.25,6.5,10,1.23,6.59,13.07,1.24,5.25,12,1.22,6,11.5,1.25,6.8,13.25,1.22,6.38,11.54,1.44,2.7,1.45,2.78,1.48,2.9,1.45,2.7,-1.75,1.88,1.98,1.88,1.99,1.93,2.08,1.86,1.98,1.22,5.5,13,1.21,7,13.5,1.22,6.5,11,1.23,6.59,12.26,1.24,5.25,12,1.2,6.5,12,1.25,7.1,13,1.21,6.61,11.53,1.36,3.1,1.38,3.11,1.45,3.2,1.37,3.01,-2,2.05,1.75,2.08,1.79,2.11,1.9,2.02,1.82,
B1,16/10/2021,15:15,St. Gilloise,Seraing,4,2,H,0,2,A,21,11,9,4,18,8,10,2,3,2,1,0,1.33,5,7.5,1.39,5,7.25,1.35,5,7.5,1.34,5.3,8.51,1.33,4.75,8.5,1.33,5,8.5,1.39,5.5,8.51,1.35,5.11,7.75,1.53,2.4,1.54,2.5,1.57,2.5,1.54,2.42,-1.5,2,1.85,2,1.85,2.08,1.9,2,1.83,1.28,5.25,8,1.3,5.75,9,1.3,5.75,8.25,1.32,5.58,9.64,1.33,4.75,8.5,1.29,5.5,9,1.33,6,9.76,1.3,5.54,8.64,1.47,2.6,1.52,2.64,1.52,2.65,1.48,2.58,-1.5,1.9,1.95,1.91,1.97,1.97,2.01,1.88,1.96,
B1,16/10/2021,17:30,Oostende,Cercle Brugge,2,1,H,0,0,D,11,12,3,4,9,15,4,4,1,3,0,0,2.15,3.4,3.25,2.1,3.6,3.25,2.15,3.65,3,2.18,3.73,3.16,2.05,3.5,3.25,2.15,3.5,3.1,2.24,3.9,3.25,2.15,3.65,3.09,1.72,2.07,1.74,2.11,1.77,2.26,1.73,2.11,-0.25,1.93,1.93,1.9,1.95,1.99,2,1.9,1.95,2.7,3.4,2.5,2.45,3.4,2.8,2.6,3.3,2.6,2.74,3.52,2.6,2.05,3.5,3.25,2.5,3.4,2.63,2.82,3.61,2.83,2.59,3.38,2.63,1.88,1.98,1.88,1.99,1.94,2.01,1.88,1.92,0,2.02,1.83,2,1.89,2.09,2.08,1.94,1.93,
B1,16/10/2021,17:30,Waregem,Antwerp,2,1,H,0,1,A,12,14,8,3,9,9,3,9,2,2,0,0,4.5,4.2,1.66,4.33,4.4,1.66,4.2,4.2,1.7,4.31,4.46,1.69,4.33,4,1.66,4.4,4.2,1.67,4.58,4.46,1.74,4.29,4.22,1.69,1.47,2.6,1.46,2.71,1.52,2.71,1.48,2.6,0.75,2.02,1.83,1.98,1.87,2.02,1.93,1.98,1.88,3.8,4,1.85,4.33,4.4,1.66,3.4,3.95,1.85,3.72,4,1.93,4.33,4,1.66,3.5,4,1.87,3.8,4.2,1.96,3.58,3.97,1.88,1.44,2.7,1.46,2.79,1.46,2.88,1.44,2.74,0.5,1.93,1.93,1.95,1.93,2.02,1.97,1.94,1.9,
B1,16/10/2021,19:45,Standard,Oud-Heverlee Leuven,2,2,D,1,0,H,18,13,6,7,16,9,5,3,2,1,0,0,1.75,4,3.6,1.83,3.8,4,1.85,3.75,3.7,1.88,3.9,3.9,1.8,3.6,4,1.83,3.8,3.9,1.89,4.05,4,1.85,3.8,3.82,1.57,2.35,1.6,2.38,1.63,2.41,1.59,2.33,-0.5,1.85,2,1.88,1.98,1.91,2.05,1.85,1.98,1.85,4,3.4,1.83,3.8,4,1.95,3.8,3.35,1.94,3.97,3.73,1.8,3.6,4,1.91,3.8,3.5,2.01,4,3.75,1.92,3.79,3.56,1.57,2.35,1.62,2.38,1.62,2.49,1.56,2.38,-0.5,1.95,1.9,1.94,1.94,2.01,1.96,1.95,1.89,
B1,17/10/2021,12:30,St Truiden,Anderlecht,2,2,D,0,0,D,27,10,9,6,13,10,6,3,2,0,0,0,4.75,3.6,1.66,4.5,3.8,1.75,4.1,3.6,1.77,4.43,3.67,1.82,4.5,3.5,1.75,4.2,3.6,1.8,4.75,3.85,1.83,4.28,3.66,1.79,1.85,2,1.84,2,1.88,2.12,1.81,1.99,0.75,1.88,1.98,1.8,2.05,1.89,2.11,1.81,2.05,4.75,4,1.66,3.9,3.7,1.87,4.7,3.65,1.67,4.81,3.65,1.81,4.5,3.5,1.75,4.75,3.7,1.7,5.25,4,1.81,4.78,3.69,1.71,1.95,1.85,2.01,1.86,2.05,1.98,1.93,1.88,0.75,1.85,2,1.85,2.04,2.01,2.05,1.9,1.95,
B1,17/10/2021,15:00,Beerschot VA,Mechelen,0,1,A,0,1,A,17,10,6,5,9,10,6,9,0,3,0,0,3,3.4,2.2,3,3.6,2.25,2.85,3.5,2.25,3.01,3.64,2.28,3,3.4,2.2,,,,3.1,3.82,2.36,2.96,3.55,2.25,1.66,2.15,1.7,2.17,1.73,2.26,1.68,2.17,0.25,1.85,2,1.87,1.99,1.91,2.05,1.87,1.98,3.2,4,2,3.3,3.6,2.1,3.05,3.6,2.1,3.47,3.71,2.1,3,3.4,2.2,3.1,3.6,2.15,3.56,4,2.28,3.22,3.6,2.11,1.8,2,1.84,2.04,1.86,2.22,1.74,2.1,0.25,2.05,1.8,2.07,1.83,2.12,1.98,1.99,1.86,
B1,17/10/2021,17:30,Charleroi,Genk,2,0,H,0,0,D,12,12,3,8,5,9,7,8,0,0,0,0,3.3,3.6,2,3.3,3.75,2.05,3.15,3.6,2.1,3.3,3.75,2.1,3.2,3.4,2.1,3.2,3.6,2.1,3.34,3.8,2.14,3.24,3.62,2.09,1.65,2.2,1.65,2.28,1.7,2.33,1.64,2.24,0.25,2.02,1.83,2.02,1.84,2.08,1.88,2.01,1.84,2.87,3.6,2.2,3.2,3.75,2.1,2.8,3.6,2.25,2.73,3.68,2.53,3.2,3.4,2.1,2.7,3.75,2.3,3,3.9,2.55,2.77,3.62,2.35,1.47,2.6,1.51,2.64,1.56,2.64,1.51,2.51,0.25,1.68,2.15,1.73,2.19,1.9,2.21,1.79,2.08,
B1,17/10/2021,20:00,Gent,Eupen,2,0,H,1,0,H,21,7,13,3,16,9,6,2,1,4,0,0,1.57,4.2,5.5,1.63,4.2,4.8,1.6,4.2,4.9,1.61,4.37,5.05,1.6,4,5,1.6,4.1,5,1.66,4.37,5.5,1.61,4.17,4.93,1.65,2.2,1.63,2.31,1.7,2.31,1.65,2.22,-1,2.05,1.8,2.05,1.81,2.12,1.85,2.06,1.8,1.57,4.33,5.25,1.63,4.2,4.8,1.5,4.5,5.75,1.55,4.73,5.56,1.6,4,5,1.5,4.5,5.5,1.57,4.77,5.91,1.5,4.52,5.58,1.53,2.4,1.56,2.52,1.56,2.57,1.52,2.48,-1,1.83,2.02,1.89,2,1.9,2.14,1.83,2.03,
B1,22/10/2021,19:45,Seraing,Charleroi,1,3,A,0,2,A,11,12,1,8,12,13,7,1,3,1,0,0,3.2,3.5,2.15,3.1,3.7,2.15,2.9,3.55,2.2,3.06,3.86,2.23,3,3.4,2.2,3,3.6,2.2,3.2,3.86,2.36,2.97,3.65,2.22,1.6,2.3,1.63,2.37,1.68,2.37,1.63,2.27,0.25,1.9,1.95,1.93,1.95,1.96,2.02,1.9,1.95,3.2,3.5,2.15,3,3.8,2.15,2.85,3.55,2.2,3.07,3.76,2.26,3,3.4,2.2,2.9,3.7,2.2,3.2,3.86,2.38,2.93,3.65,2.23,1.53,2.4,1.55,2.54,1.65,2.54,1.56,2.38,0.25,1.9,1.95,1.91,1.97,1.97,2,1.89,1.97,
B1,23/10/2021,15:15,Cercle Brugge,Standard,1,1,D,1,1,D,8,4,5,2,15,22,6,3,2,7,0,0,2.55,3.4,2.62,2.55,3.5,2.6,2.5,3.35,2.6,2.55,3.54,2.71,2.55,3.25,2.62,2.5,3.25,2.75,2.6,3.6,2.77,2.52,3.39,2.69,1.88,1.98,1.87,1.97,1.95,2.02,1.87,1.93,0,1.85,2,1.87,1.99,1.91,2.08,1.86,2,2.2,3.4,3,2.15,3.6,3.2,2.25,3.2,3.05,2.33,3.65,3.03,2.55,3.25,2.62,2.3,3.3,3,2.4,3.65,3.2,2.28,3.38,3.01,1.95,1.85,1.95,1.92,2.02,1.95,1.96,1.84,-0.25,1.98,1.88,2.02,1.87,2.1,1.93,1.99,1.86,
B1,23/10/2021,17:30,Kortrijk,Oostende,1,0,H,1,0,H,16,12,5,0,9,13,5,7,2,2,0,0,2,3.5,3.6,2.1,3.7,3.2,2.1,3.5,3.1,2.09,3.82,3.27,2.2,3.4,3,2.1,3.5,3.3,2.15,3.84,3.6,2.09,3.63,3.23,1.66,2.15,1.69,2.19,1.76,2.24,1.68,2.17,-0.25,1.83,2.02,1.83,2.03,1.9,2.12,1.83,2.02,1.85,3.6,4,2.1,3.7,3.2,1.95,3.7,3.5,1.92,3.95,3.85,2.2,3.4,3,1.9,3.75,3.6,1.95,4.06,4,1.89,3.77,3.72,1.57,2.35,1.57,2.49,1.62,2.49,1.57,2.37,-0.5,1.88,1.98,1.92,1.97,1.92,2.04,1.89,1.95,
B1,23/10/2021,17:30,Mechelen,Waregem,2,2,D,2,2,D,17,14,7,3,6,8,11,7,0,2,0,0,1.53,4.5,5,1.63,4.6,4.4,1.6,4.5,4.5,1.61,4.57,4.73,1.57,4.2,4.8,1.57,4.2,5,1.65,4.7,5,1.6,4.46,4.64,1.36,3.1,1.38,3.05,1.38,3.25,1.36,3.05,-1,1.93,1.93,1.97,1.88,2.05,1.96,1.97,1.88,1.44,5,6,1.53,4.8,5,1.43,5.25,6,1.45,5.69,5.73,1.57,4.2,4.8,1.44,5,5.75,1.47,5.69,6.22,1.44,5.23,5.73,1.3,3.5,1.33,3.46,1.33,3.6,1.31,3.38,-1.25,1.88,1.98,1.89,2,1.95,2.02,1.9,1.95,
B1,23/10/2021,19:45,Eupen,St. Gilloise,2,3,A,0,2,A,21,12,6,4,8,21,8,2,1,3,0,0,3.8,3.8,1.83,3.9,3.9,1.83,3.6,3.75,1.9,3.97,3.96,1.84,3.7,3.6,1.88,3.9,3.6,1.87,4,4.04,1.9,3.81,3.85,1.85,1.6,2.3,1.62,2.33,1.65,2.38,1.6,2.3,0.5,1.98,1.88,2.02,1.84,2.07,1.91,1.99,1.85,5,4.2,1.65,3.9,3.9,1.83,4.6,3.95,1.67,4.99,4.2,1.67,3.7,3.6,1.88,4.5,4,1.67,5,4.2,1.71,4.66,4,1.67,1.57,2.35,1.58,2.46,1.68,2.46,1.6,2.32,0.75,2.02,1.83,2.04,1.85,2.07,1.9,2,1.85,
B1,24/10/2021,12:30,Antwerp,Club Brugge,1,1,D,1,1,D,7,13,4,5,16,10,8,8,2,4,1,1,3.75,4,1.85,3.5,4.1,1.9,3.45,3.8,1.9,3.58,4.17,1.89,3.5,3.8,1.88,3.6,3.75,1.9,3.75,4.21,1.94,3.57,3.92,1.89,1.57,2.35,1.61,2.34,1.61,2.5,1.57,2.37,0.5,1.95,1.9,1.96,1.89,2.01,1.95,1.94,1.89,4.75,4,1.6,3.5,4.1,1.9,4.9,4,1.63,4.81,4.26,1.68,3.5,3.8,1.88,4.75,4,1.65,4.97,4.27,1.75,4.67,4.04,1.66,1.61,2.25,1.64,2.33,1.67,2.33,1.62,2.27,0.75,2.02,1.83,2.03,1.86,2.09,1.87,2.01,1.84,
B1,24/10/2021,15:00,Anderlecht,Beerschot VA,4,2,H,1,0,H,21,14,8,3,9,11,6,4,3,3,0,0,1.3,5,10,1.32,5.75,8.75,1.3,5.75,8,1.32,5.59,8.75,1.29,5,9.5,1.29,5.5,9,1.33,5.77,10,1.31,5.52,8.41,1.36,3.1,1.4,2.96,1.4,3.1,1.38,2.94,-1.5,1.83,2.02,1.85,2.01,1.92,2.06,1.85,1.98,1.22,5.75,15,1.24,6.25,11.5,1.25,6.25,10,1.25,6.44,11.49,1.29,5,9.5,1.22,6,11.5,1.33,6.5,15,1.24,6.15,10.97,1.44,2.7,1.46,2.77,1.48,2.8,1.46,2.67,-1.75,1.85,2,1.87,2,2.1,2.04,1.89,1.96,
B1,24/10/2021,17:30,Genk,Gent,0,3,A,0,1,A,13,13,5,6,14,16,3,1,2,2,0,0,2,3.6,3.5,2.05,3.75,3.25,2.1,3.6,3.05,2.1,3.86,3.23,2.05,3.6,3.2,2.1,3.5,3.25,2.16,3.94,3.5,2.07,3.69,3.2,1.53,2.4,1.56,2.46,1.58,2.5,1.55,2.4,-0.25,1.85,2,1.84,2.02,1.92,2.08,1.84,2.01,2.37,3.6,2.75,2.05,3.75,3.25,2.4,3.4,2.7,2.44,3.65,2.86,2.05,3.6,3.2,2.38,3.5,2.75,2.5,3.72,2.86,2.41,3.47,2.77,1.66,2.15,1.69,2.24,1.74,2.26,1.68,2.16,0,1.77,2.1,1.8,2.11,1.86,2.17,1.8,2.07,
B1,24/10/2021,20:00,Oud-Heverlee Leuven,St Truiden,4,1,H,0,0,D,12,13,7,5,8,13,3,6,0,3,0,1,2.3,3.5,2.9,2.2,3.6,3,2.35,3.35,2.8,2.36,3.49,2.98,2.38,3.3,2.8,2.38,3.3,2.9,2.42,3.66,3,2.34,3.42,2.88,1.8,2,1.81,2.03,1.88,2.06,1.79,2.01,-0.25,2.05,1.8,2.04,1.82,2.11,1.84,2.04,1.81,2.3,3.5,2.87,2.4,3.25,3,2.45,3.15,2.85,2.43,3.43,3.03,2.38,3.3,2.8,2.38,3.3,2.9,2.5,3.51,3.06,2.39,3.3,2.92,2,1.8,2.07,1.8,2.09,1.88,1.99,1.81,-0.25,2.1,1.77,2.09,1.82,2.14,1.83,2.07,1.79,
B1,29/10/2021,19:45,Oostende,Mechelen,2,4,A,0,2,A,14,8,4,4,15,14,7,1,6,3,1,0,2.7,3.5,2.5,2.6,3.7,2.45,2.65,3.55,2.35,2.73,3.68,2.53,2.55,3.4,2.55,2.7,3.6,2.4,2.75,3.8,2.55,2.69,3.59,2.43,1.53,2.4,1.57,2.49,1.57,2.56,1.53,2.45,0,2.02,1.83,2.02,1.87,2.08,1.87,2.03,1.84,3.1,3.8,2.1,3,3.8,2.15,2.8,3.6,2.25,3.1,3.85,2.21,2.55,3.4,2.55,2.88,3.75,2.2,3.1,3.86,2.45,2.93,3.67,2.22,1.53,2.4,1.57,2.5,1.57,2.7,1.51,2.5,0.25,1.95,1.9,1.95,1.93,2,2.15,1.89,1.96,
B1,30/10/2021,15:15,Charleroi,Eupen,3,0,H,0,0,D,21,7,7,3,11,13,6,5,0,2,0,0,1.72,3.6,4.33,1.82,3.9,3.9,1.9,3.7,3.7,1.84,3.9,4.04,1.83,3.6,3.9,1.8,3.75,4,1.9,4,4.33,1.83,3.76,3.96,1.65,2.2,1.68,2.22,1.72,2.29,1.65,2.2,-0.5,1.83,2.02,1.84,2.02,1.88,2.11,1.84,2,1.66,3.75,4.75,1.75,4,4.2,1.7,3.85,4.2,1.7,4.26,4.68,1.83,3.6,3.9,1.7,3.9,4.4,1.81,4.26,4.75,1.72,3.92,4.36,1.61,2.25,1.66,2.29,1.69,2.35,1.63,2.26,-0.75,1.88,1.98,1.91,1.98,2.04,2.01,1.92,1.93,
B1,30/10/2021,17:30,Beerschot VA,Seraing,3,0,H,1,0,H,21,11,8,2,11,11,9,8,0,4,0,0,2.4,3.4,2.8,2.5,3.3,2.8,2.45,3.3,2.65,2.49,3.39,2.88,2.5,3.1,2.8,2.5,3.3,2.75,2.5,3.5,2.88,2.45,3.34,2.78,1.85,1.95,1.88,1.96,1.97,1.98,1.89,1.9,0,1.8,2.05,1.79,2.08,1.89,2.11,1.82,2.05,2.5,3.4,2.7,2.4,3.4,2.87,2.45,3.3,2.7,2.62,3.59,2.69,2.5,3.1,2.8,2.45,3.4,2.7,2.62,3.61,2.87,2.49,3.43,2.69,1.7,2.1,1.73,2.18,1.81,2.19,1.75,2.06,0,1.9,1.95,1.92,1.97,1.94,2.11,1.87,2.01,
B1,30/10/2021,17:30,Standard,Kortrijk,1,1,D,0,0,D,14,7,5,3,13,15,8,2,2,5,0,0,2,3.6,3.6,2,3.7,3.5,2.05,3.5,3.25,2.09,3.6,3.46,2.05,3.4,3.4,2.05,3.5,3.4,2.13,3.7,3.6,2.05,3.54,3.4,1.72,2.07,1.77,2.08,1.8,2.2,1.74,2.08,-0.25,1.83,2.02,1.81,2.05,1.86,2.13,1.79,2.05,2.15,3.5,3.3,2.1,3.6,3.3,2.2,3.4,3.05,2.16,3.79,3.25,2.05,3.4,3.4,2.15,3.5,3.1,2.23,3.79,3.34,2.15,3.51,3.18,1.7,2.1,1.74,2.16,1.78,2.17,1.73,2.09,-0.25,1.88,1.98,1.89,2,1.94,2.06,1.9,1.96,
B1,30/10/2021,19:45,St Truiden,Club Brugge,1,2,A,1,1,D,11,11,4,5,16,11,9,2,3,3,0,0,6,4.2,1.53,5.25,4.1,1.6,5.5,4.1,1.55,5.8,4.34,1.55,5.8,3.9,1.53,5.75,4.1,1.53,6.15,4.34,1.6,5.63,4.15,1.55,1.75,2.05,1.76,2.08,1.83,2.12,1.77,2.04,1,1.9,1.95,1.93,1.93,1.95,2.04,1.9,1.95,7,4.33,1.5,6,4.33,1.53,6,4.3,1.5,6.29,4.39,1.54,5.8,3.9,1.53,5.75,4.1,1.53,7,4.5,1.57,6.01,4.22,1.51,1.72,2.07,1.79,2.09,1.81,2.17,1.76,2.05,1,1.95,1.9,1.96,1.93,2.01,1.99,1.95,1.9,
B1,31/10/2021,12:30,Waregem,Genk,2,6,A,0,2,A,6,20,2,10,10,7,4,4,2,3,0,0,5,4,1.61,4.4,4.1,1.7,4.2,4.2,1.7,4.65,4.19,1.68,4.6,3.9,1.65,4.33,4.2,1.67,5,4.35,1.72,4.37,4.14,1.68,1.4,2.87,1.43,2.84,1.44,2.9,1.41,2.79,0.75,2.02,1.83,2.01,1.85,2.03,1.91,1.99,1.86,5,5,1.5,5.5,4.5,1.53,5,4.8,1.5,5.39,5.03,1.53,4.6,3.9,1.65,5.25,4.75,1.5,5.75,5.03,1.56,5.22,4.77,1.51,1.33,3.4,1.36,3.23,1.38,3.4,1.34,3.15,1,2.05,1.8,2.08,1.81,2.12,1.89,2.06,1.8,
B1,31/10/2021,15:00,Cercle Brugge,Antwerp,0,1,A,0,0,D,12,9,6,3,13,15,6,3,4,5,0,0,2.55,3.6,2.55,2.7,3.4,2.5,2.6,3.35,2.5,2.62,3.52,2.65,2.75,3.3,2.4,2.6,3.4,2.55,2.7,3.6,2.65,2.61,3.41,2.56,1.8,2,1.81,2.03,1.89,2.09,1.81,1.99,0,1.93,1.93,1.92,1.93,2,2,1.94,1.92,2.4,3.6,2.8,2.55,3.4,2.65,2.45,3.2,2.75,2.58,3.45,2.81,2.75,3.3,2.4,2.45,3.4,2.75,2.6,3.6,2.9,2.49,3.31,2.77,1.98,1.88,1.99,1.88,2.02,1.96,1.92,1.87,0,1.8,2.05,1.86,2.03,1.88,2.12,1.83,2.05,
B1,31/10/2021,17:30,Anderlecht,Oud-Heverlee Leuven,2,2,D,1,2,A,16,13,5,8,11,3,10,5,1,1,2,0,1.28,6,9,1.33,5.5,8.5,1.3,6,8.25,1.27,5.78,9,1.28,5,9.5,1.25,5.75,9.5,1.33,6,10.25,1.28,5.78,8.74,1.4,2.87,1.4,2.87,1.44,3,1.41,2.82,-1.75,2,1.85,2,1.81,2.08,1.89,2.01,1.82,1.33,5.75,8,1.3,5.75,9.25,1.3,5.75,8,1.36,5.14,8.17,1.28,5,9.5,1.3,5.5,8.5,1.39,6,9.25,1.33,5.41,7.94,1.4,2.87,1.41,2.92,1.45,2.96,1.42,2.8,-1.5,1.93,1.93,1.93,1.92,2.03,2.02,1.92,1.92,
B1,31/10/2021,20:00,Gent,St. Gilloise,0,2,A,0,2,A,10,11,4,3,8,17,7,6,2,4,0,0,2.25,3.4,3.1,2.35,3.5,2.87,2.35,3.4,2.8,2.31,3.59,2.99,2.3,3.3,2.9,2.3,3.4,2.9,2.36,3.6,3.1,2.31,3.45,2.9,1.8,2,1.79,2.05,1.84,2.08,1.78,2.01,-0.25,2,1.85,2.01,1.85,2.12,1.91,2.01,1.83,2,3.4,3.6,2.05,3.7,3.3,2.1,3.4,3.15,2.18,3.5,3.45,2.3,3.3,2.9,2.1,3.5,3.25,2.21,3.7,3.6,2.12,3.44,3.28,1.8,2,1.88,2,1.88,2.09,1.81,1.99,-0.25,1.85,2,1.88,2.01,1.92,2.05,1.86,1.99,
B1,05/11/2021,19:45,Oud-Heverlee Leuven,Oostende,1,0,H,0,0,D,8,15,5,4,6,12,9,8,3,3,1,0,1.85,3.75,4,1.9,3.9,3.6,1.9,3.8,3.35,1.94,4.08,3.64,2.25,3.6,2.8,1.87,3.9,3.6,1.99,4.2,4,1.92,3.94,3.53,1.5,2.5,1.53,2.61,1.53,2.7,1.5,2.56,-0.5,1.93,1.93,1.94,1.94,1.99,1.98,1.91,1.92,1.7,4,4.33,1.75,4.1,4.2,1.73,3.95,3.9,1.72,4.37,4.41,2.25,3.6,2.8,1.73,4,4.2,1.95,4.37,4.51,1.74,4.12,4.14,1.47,2.6,1.49,2.68,1.52,2.68,1.48,2.58,-0.75,1.88,1.98,1.92,1.97,2.02,2.05,1.92,1.93,
B1,06/11/2021,15:15,Eupen,Waregem,1,1,D,1,1,D,7,9,2,2,13,7,4,6,3,2,0,0,1.6,4,5.25,1.65,4.2,4.8,1.67,4.2,4.3,1.65,4.33,4.77,1.63,4,4.6,1.65,4.1,4.5,1.69,4.5,5.25,1.65,4.26,4.54,1.44,2.7,1.44,2.78,1.52,2.78,1.46,2.67,-0.75,1.83,2.02,1.81,2.05,1.89,2.09,1.82,2.03,1.53,4.2,6,1.53,4.5,5.5,1.55,4.5,4.9,1.58,4.5,5.48,1.63,4,4.6,1.55,4.4,5,1.6,4.75,6,1.56,4.46,5.13,1.4,2.87,1.44,2.88,1.47,2.92,1.42,2.78,-1,1.88,1.98,1.92,1.97,1.96,2.04,1.9,1.95,
B1,06/11/2021,17:30,Kortrijk,Beerschot VA,1,1,D,0,0,D,21,9,7,4,10,16,11,6,1,5,0,0,1.75,4,4.2,1.73,4.1,4.33,1.75,3.9,3.9,1.81,4.02,4.08,1.63,3.9,4.75,1.73,3.8,4.33,1.83,4.2,4.72,1.76,3.97,4.16,1.65,2.2,1.65,2.28,1.74,2.33,1.64,2.24,-0.75,2.02,1.83,2.04,1.83,2.06,1.98,1.98,1.86,1.9,4,3.6,1.85,3.8,4,1.9,3.6,3.65,1.99,3.89,3.63,1.63,3.9,4.75,1.87,3.7,3.75,2.01,3.89,4,1.92,3.71,3.67,1.65,2.2,1.68,2.25,1.76,2.26,1.68,2.17,-0.5,1.98,1.88,1.99,1.9,2.01,2,1.94,1.9,
B1,06/11/2021,17:30,Mechelen,St Truiden,0,1,A,0,1,A,9,12,1,1,6,15,1,4,1,5,0,1,1.8,3.6,4.2,1.85,3.8,4,1.85,3.75,3.75,1.84,3.9,4.06,1.78,3.75,3.9,1.8,3.75,4,1.87,4,4.2,1.83,3.81,3.96,1.7,2.1,1.74,2.12,1.83,2.2,1.72,2.11,-0.5,1.85,2,1.93,1.92,1.93,2.08,1.83,2,1.9,3.6,3.8,1.88,3.6,4,1.97,3.4,3.65,2,3.59,3.89,1.78,3.75,3.9,1.95,3.4,3.8,2.05,3.7,4.2,1.97,3.47,3.77,1.9,1.9,1.93,1.93,2,1.98,1.93,1.87,-0.5,2,1.85,2,1.88,2.09,1.94,1.98,1.86,
B1,06/11/2021,19:45,St. Gilloise,Charleroi,4,0,H,3,0,H,14,11,5,1,9,5,4,4,0,1,0,0,1.7,3.8,4.5,1.71,4,4.4,1.67,3.95,4.5,1.72,3.96,4.61,1.57,3.9,5.25,1.65,3.9,4.8,1.75,4.21,4.93,1.69,3.96,4.56,1.65,2.2,1.67,2.24,1.68,2.3,1.64,2.22,-0.75,1.93,1.93,1.93,1.93,1.96,2.06,1.89,1.94,1.7,3.8,4.33,1.75,4,4.33,1.75,3.85,3.95,1.81,3.9,4.42,1.57,3.9,5.25,1.75,3.9,4.1,1.85,4.1,4.5,1.78,3.86,4.16,1.6,2.3,1.61,2.41,1.65,2.47,1.62,2.28,-0.75,2.02,1.83,2.03,1.87,2.09,1.89,2.01,1.84,
B1,07/11/2021,12:30,Club Brugge,Standard,2,2,D,2,1,H,11,7,4,2,13,25,5,4,2,2,0,0,1.36,4.75,7.5,1.34,5.5,8.5,1.3,5.5,8.5,1.33,5.4,8.64,1.3,4.8,9.5,1.29,5.25,9.5,1.36,5.75,9.5,1.32,5.3,8.5,1.53,2.4,1.56,2.46,1.57,2.57,1.54,2.44,-1.5,1.9,1.95,1.95,1.9,1.97,2,1.91,1.92,1.33,5,8.5,1.37,5,8,1.37,5,7.25,1.38,5.1,8.52,1.3,4.8,9.5,1.36,4.8,7.5,1.41,5.33,8.52,1.37,4.98,7.71,1.57,2.35,1.63,2.35,1.63,2.47,1.6,2.32,-1.25,1.88,1.98,1.86,2.03,1.92,2.12,1.86,2,
B1,07/11/2021,15:00,Seraing,Gent,0,0,D,0,0,D,8,8,2,4,9,16,4,3,2,2,0,0,5,4,1.6,5,4.33,1.6,5,4.3,1.57,5.54,4.38,1.56,5.25,3.9,1.57,5.25,4.2,1.55,5.75,4.5,1.66,5.31,4.23,1.56,1.6,2.3,1.62,2.32,1.67,2.38,1.61,2.28,1,1.9,1.95,1.91,1.94,1.97,2.09,1.88,1.96,6,4.2,1.5,5.75,4.1,1.57,5.25,4.3,1.57,6.37,4.49,1.52,5.25,3.9,1.57,5.5,4.2,1.53,6.37,4.5,1.63,5.62,4.24,1.54,1.65,2.2,1.68,2.26,1.7,2.31,1.64,2.24,1,2.02,1.83,2.05,1.85,2.11,2.03,1.94,1.91,
B1,07/11/2021,17:30,Antwerp,Anderlecht,2,0,H,0,0,D,12,9,4,3,7,9,2,8,0,3,0,0,3.6,3.6,1.95,3.4,3.7,2,3.1,3.6,2.1,3.24,3.75,2.13,3.2,3.5,2.1,3.25,3.5,2.1,3.6,3.88,2.13,3.23,3.63,2.08,1.7,2.1,1.71,2.16,1.73,2.33,1.69,2.14,0.25,2,1.85,2,1.86,2.07,1.88,2,1.84,4,3.75,1.9,3.8,3.9,1.85,3.5,3.55,1.95,3.72,3.7,2.02,3.2,3.5,2.1,3.5,3.7,1.95,4,3.9,2.03,3.63,3.65,1.95,1.7,2.1,1.72,2.19,1.83,2.28,1.72,2.12,0.5,1.88,1.98,1.87,2.02,1.9,2.03,1.87,1.96,
B1,07/11/2021,20:00,Genk,Cercle Brugge,1,1,D,0,1,A,8,17,4,7,18,13,5,6,1,0,0,0,1.5,4.33,5.25,1.55,4.4,5.5,1.55,4.4,5,1.55,4.37,5.67,1.52,4.2,5.5,1.53,4.2,5.5,1.58,4.57,5.8,1.54,4.36,5.32,1.5,2.5,1.54,2.52,1.54,2.65,1.51,2.53,-1,1.93,1.93,1.9,1.95,1.97,1.99,1.91,1.93,1.57,4.2,4.75,1.57,4.33,5.25,1.63,4.1,4.8,1.64,4.25,5.25,1.57,4,5.25,1.62,4.1,4.8,1.67,4.33,5.3,1.61,4.14,4.96,1.6,2.3,1.62,2.38,1.65,2.4,1.59,2.32,-1,2.05,1.75,2.08,1.83,2.14,1.89,2.06,1.8,
