Div,Date,Time,HomeTeam,AwayTeam,FTHG,FTAG,FTR,HTHG,HTAG,HTR,Referee,HS,AS,HST,AST,HF,AF,HC,AC,HY,AY,HR,AR,B365H,B365D,B365A,BWH,BWD,BWA,IWH,IWD,IWA,PSH,PSD,PSA,WHH,WHD,WHA,VCH,VCD,VCA,MaxH,MaxD,MaxA,AvgH,AvgD,AvgA,B365>2.5,B365<2.5,P>2.5,P<2.5,Max>2.5,Max<2.5,Avg>2.5,Avg<2.5,AHh,B365AHH,B365AHA,PAHH,PAHA,MaxAHH,MaxAHA,AvgAHH,AvgAHA,B365CH,B365CD,B365CA,BWCH,BWCD,BWCA,IWCH,IWCD,IWCA,PSCH,PSCD,PSCA,WHCH,WHCD,WHCA,VCCH,VCCD,VCCA,MaxCH,MaxCD,MaxCA,AvgCH,AvgCD,AvgCA,B365C>2.5,B365C<2.5,PC>2.5,PC<2.5,MaxC>2.5,MaxC<2.5,AvgC>2.5,AvgC<2.5,AHCh,B365CAHH,B365CAHA,PCAHH,PCAHA,MaxCAHH,MaxCAHA,AvgCAHH,AvgCAHA
E1,06/08/2021,19:45,Bournemouth,West Brom,2,2,D,1,1,D,D Whitestone,7,15,4,5,11,13,4,8,1,3,0,0,2.3,3.25,3.2,2.3,3.4,3.1,2.3,3.3,3.15,2.37,3.36,3.24,2.3,3.2,3.1,2.3,3.4,3.13,2.42,3.44,3.3,2.31,3.32,3.14,2,1.8,2.1,1.79,2.11,1.86,2.06,1.77,-0.25,2.01,1.89,2.03,1.88,2.03,1.94,1.99,1.87,2.45,3.3,2.9,2.4,3.3,3,2.4,3.3,2.95,2.49,3.36,3.04,2.35,3.2,3,2.4,3.3,3,2.55,3.5,3.07,2.44,3.3,2.95,2,1.8,2.04,1.86,2.09,1.92,1.97,1.84,-0.25,2.13,1.78,2.13,1.8,2.16,1.83,2.09,1.77
E1,07/08/2021,15:00,Blackburn,Swansea,2,1,H,1,0,H,D Webb,21,7,10,4,11,10,7,5,4,2,0,0,2.1,3.4,3.4,2.15,3.3,3.5,2.1,3.3,3.55,2.18,3.38,3.65,2.1,3.2,3.5,2.1,3.3,3.5,2.26,3.41,3.75,2.14,3.29,3.53,2.3,1.61,2.31,1.67,2.33,1.68,2.25,1.65,-0.25,1.86,2.04,1.87,2.04,1.88,2.06,1.84,2.01,2.05,3.3,3.8,2.15,3.3,3.5,2.1,3.25,3.65,2.13,3.38,3.79,2.05,3.25,3.6,2.1,3.4,3.5,2.2,3.46,3.97,2.12,3.31,3.61,2.1,1.72,2.21,1.72,2.27,1.74,2.16,1.7,-0.25,1.77,2.14,1.83,2.09,1.87,2.17,1.81,2.04
E1,07/08/2021,15:00,Bristol City,Blackpool,1,1,D,1,0,H,A Davies,11,7,2,1,10,13,2,4,2,0,0,0,2.15,3.4,3.3,2.25,3.4,3.25,2.2,3.35,3.3,2.27,3.39,3.35,2.2,3.2,3.3,2.2,3.3,3.3,2.32,3.45,3.43,2.22,3.32,3.3,2.2,1.66,2.19,1.72,2.25,1.74,2.17,1.7,-0.25,1.94,1.96,1.96,1.94,1.96,1.99,1.91,1.93,2.15,3.3,3.5,2.2,3.3,3.4,2.2,3.15,3.5,2.26,3.2,3.67,2.15,3.1,3.5,2.2,3.25,3.4,2.3,3.37,3.74,2.22,3.2,3.47,2.2,1.66,2.29,1.68,2.38,1.7,2.22,1.66,-0.25,1.9,2,1.92,1.99,1.92,2.01,1.89,1.95
E1,07/08/2021,15:00,Cardiff,Barnsley,1,1,D,0,0,D,S Martin,10,10,6,3,7,6,2,4,0,0,0,0,2.2,3.4,3.2,2.3,3.2,3.3,2.3,3.15,3.25,2.3,3.26,3.48,2.25,3.1,3.3,2.25,3.2,3.3,2.4,3.4,3.57,2.28,3.18,3.31,2.3,1.61,2.39,1.63,2.43,1.65,2.33,1.61,-0.25,1.98,1.92,1.96,1.94,2.02,1.94,1.95,1.9,2.5,3.25,2.9,2.45,3.1,3.1,2.5,3.1,3,2.52,3.16,3.18,2.45,3.1,3,2.45,3.2,3,2.58,3.32,3.22,2.49,3.15,3.01,2.3,1.61,2.41,1.62,2.5,1.68,2.29,1.62,-0.25,2.05,1.75,2.14,1.8,2.19,1.8,2.11,1.75
E1,07/08/2021,15:00,Derby,Huddersfield,1,1,D,1,1,D,G Eltringham,11,17,3,6,17,15,4,6,3,2,0,0,4.5,3.75,1.72,4.6,3.8,1.75,4.6,3.7,1.75,4.71,3.81,1.76,4.75,3.7,1.7,4.75,3.5,1.7,5,3.95,1.82,4.64,3.73,1.75,2.1,1.72,2.09,1.77,2.17,1.81,2.09,1.74,0.75,1.83,1.98,1.85,2.02,1.89,2.02,1.85,1.97,2.15,3.2,3.6,2.25,3.2,3.4,2.2,3.15,3.5,2.21,3.28,3.63,2.2,3.1,3.4,2.15,3.25,3.5,2.5,3.32,3.74,2.21,3.22,3.48,2.37,1.57,2.43,1.6,2.47,1.66,2.34,1.6,-0.25,1.88,2.02,1.88,2.01,1.9,2.07,1.87,1.98
E1,07/08/2021,15:00,Luton,Peterboro,3,0,H,1,0,H,A Woolmer,12,4,6,1,18,7,7,2,1,5,0,0,2.1,3.4,3.4,2.15,3.3,3.5,2.2,3.45,3.2,2.26,3.6,3.25,2.2,3.25,3.2,2.15,3.4,3.3,2.3,3.61,3.5,2.21,3.42,3.25,2,1.85,2.03,1.87,2.11,1.9,2.01,1.81,-0.25,1.92,1.98,1.95,1.95,1.95,2.01,1.9,1.94,2.25,3.3,3.3,2.2,3.4,3.3,2.25,3.3,3.25,2.28,3.36,3.43,2.25,3.2,3.2,2.25,3.4,3.2,2.32,3.49,3.5,2.24,3.34,3.3,1.95,1.9,2,1.88,2.04,1.93,1.97,1.84,-0.25,1.95,1.95,1.95,1.95,1.98,1.98,1.92,1.92
E1,07/08/2021,15:00,Preston,Hull,1,4,A,1,1,D,G Ward,7,16,4,5,9,6,2,7,2,2,0,0,2.25,3.4,3.1,2.3,3.3,3.2,2.35,3.25,3.1,2.41,3.32,3.21,2.3,3.2,3.1,2.3,3.3,3.1,2.45,3.44,3.26,2.34,3.27,3.11,2,1.8,2.1,1.8,2.11,1.87,2.03,1.79,-0.25,2.04,1.86,2.06,1.85,2.07,1.91,2.01,1.85,2.2,3.3,3.4,2.3,3.3,3.2,2.25,3.25,3.3,2.26,3.27,3.58,2.3,3.2,3.1,2.25,3.3,3.25,2.36,3.37,3.61,2.25,3.26,3.33,2.2,1.66,2.25,1.7,2.27,1.75,2.16,1.69,-0.25,1.93,1.97,1.93,1.98,1.99,1.99,1.92,1.92
E1,07/08/2021,15:00,QPR,Millwall,1,1,D,1,1,D,O Langford,11,10,4,3,11,18,7,5,0,3,0,0,2.05,3.4,3.6,2.1,3.3,3.7,2.1,3.35,3.55,2.12,3.43,3.76,2.1,3.2,3.6,2.1,3.3,3.6,2.19,3.5,3.84,2.1,3.33,3.6,2.2,1.66,2.24,1.7,2.33,1.71,2.22,1.66,-0.25,1.83,2.07,1.83,2.1,1.88,2.1,1.81,2.05,2,3.3,3.8,2.1,3.3,3.7,2.05,3.3,3.8,2.08,3.44,3.88,2,3.25,3.8,2,3.4,3.75,2.11,3.5,4,2.05,3.35,3.77,2.1,1.72,2.14,1.77,2.24,1.79,2.13,1.71,-0.5,2.07,1.83,2.08,1.83,2.1,1.87,2.04,1.81
E1,07/08/2021,15:00,Stoke,Reading,3,2,H,2,1,H,M Donohue,18,11,6,5,16,7,6,9,0,2,0,0,2.05,3.25,3.8,2.15,3.25,3.6,2.1,3.25,3.75,2.1,3.36,3.94,2.05,3.1,3.8,2.1,3.2,3.75,2.15,3.4,4,2.09,3.25,3.75,2.5,1.53,2.48,1.58,2.51,1.61,2.43,1.56,-0.25,1.81,2.09,1.79,2.13,1.84,2.14,1.78,2.09,1.9,3.25,4.5,1.95,3.3,4.25,2,3.15,4.2,1.97,3.36,4.44,2,3.1,4,1.95,3.3,4.2,2.05,3.38,4.61,1.98,3.24,4.25,2.5,1.53,2.58,1.55,2.61,1.58,2.48,1.53,-0.5,1.98,1.92,1.97,1.93,2.02,1.93,1.97,1.87
E1,07/08/2021,20:00,Sheffield United,Birmingham,0,1,A,0,1,A,T Robinson,16,9,2,2,3,12,8,2,1,6,0,0,1.75,3.5,5,1.8,3.6,4.6,1.83,3.45,4.6,1.83,3.5,4.91,1.8,3.3,4.75,1.8,3.5,4.6,1.9,3.6,5,1.82,3.45,4.64,2.3,1.61,2.27,1.67,2.31,1.69,2.25,1.64,-0.5,1.83,2.07,1.84,2.08,1.87,2.09,1.83,2.03,1.65,3.5,6,1.65,3.5,6.25,1.67,3.5,6,1.68,3.67,6.04,1.65,3.4,5.8,1.67,3.6,5.75,1.72,3.68,6.25,1.68,3.54,5.82,2.37,1.57,2.39,1.63,2.5,1.64,2.4,1.57,-0.75,1.92,1.98,1.91,1.99,1.95,2,1.89,1.95
E1,08/08/2021,13:30,Fulham,Middlesbrough,1,1,D,1,0,H,K Stroud,16,7,3,1,14,14,4,2,2,3,0,0,1.9,3.4,4.2,1.91,3.4,4.25,1.95,3.45,4.1,1.92,3.59,4.27,1.88,3.3,4.2,1.87,3.5,4.2,2,3.63,4.36,1.92,3.45,4.13,2.1,1.72,2.07,1.8,2.21,1.82,2.07,1.76,-0.5,1.92,1.98,1.92,1.97,1.95,2.01,1.91,1.94,1.85,3.25,4.75,1.83,3.3,5,1.9,3.2,4.6,1.98,3.15,4.84,1.88,3.2,4.4,1.9,3.3,4.4,2.02,3.4,5.3,1.92,3.22,4.62,2.37,1.57,2.44,1.6,2.45,1.71,2.34,1.6,-0.5,1.98,1.92,1.98,1.93,2.02,2,1.92,1.92
E1,08/08/2021,16:30,Coventry,Nott'm Forest,2,1,H,0,1,A,J Linington,12,10,6,2,16,12,0,5,4,1,0,0,2.45,3.3,2.8,2.55,3.1,2.95,2.5,3.05,3,2.54,3.13,3.12,2.5,3,3,2.5,3.1,3,2.6,3.3,3.22,2.51,3.08,3.01,2.5,1.53,2.51,1.56,2.56,1.61,2.45,1.55,0,1.8,2.1,1.75,2.16,1.83,2.16,1.77,2.11,2.2,3.1,3.6,2.2,3.1,3.7,2.25,3.05,3.5,2.24,3.2,3.71,2.35,3,3.25,2.2,3.2,3.5,2.35,3.32,3.75,2.24,3.12,3.54,2.3,1.61,2.39,1.63,2.48,1.66,2.34,1.59,-0.25,1.89,2.01,1.9,2.01,2,2.01,1.9,1.94
E1,14/08/2021,12:30,Peterboro,Derby,2,1,H,0,0,D,D Webb,13,7,4,2,9,13,2,5,4,2,0,0,2.15,3.3,3.5,2.2,3.2,3.5,2.2,3.25,3.45,2.23,3.35,3.48,2.15,3.2,3.4,2.2,3.3,3.4,2.3,3.4,3.65,2.21,3.28,3.41,2.2,1.66,2.2,1.71,2.25,1.74,2.18,1.69,-0.25,1.94,1.99,1.92,1.99,1.94,1.99,1.9,1.95,2.4,3.2,3.1,2.45,3.2,3,2.45,3.1,3.05,2.47,3.2,3.22,2.4,3.1,3,2.4,3.25,3,2.58,3.3,3.35,2.44,3.16,3.06,2.2,1.66,2.32,1.66,2.35,1.7,2.24,1.65,-0.25,2.11,1.82,2.1,1.83,2.19,1.83,2.08,1.78
E1,14/08/2021,15:00,Barnsley,Coventry,1,0,H,1,0,H,J Busby,8,12,1,2,16,14,1,5,8,2,0,0,2,3.3,3.9,2,3.3,4,2.05,3.25,3.85,2.08,3.29,4.03,2,3.1,4,2.05,3.3,3.7,2.12,3.4,4.25,2.05,3.27,3.93,2.2,1.66,2.28,1.67,2.31,1.73,2.2,1.68,-0.5,2.09,1.84,2.08,1.83,2.1,1.88,2.05,1.82,2,3.3,3.9,2,3.3,4,2.1,3.15,3.85,2.12,3.28,3.99,2,3.1,4,2.05,3.3,3.8,2.15,3.32,4.1,2.08,3.21,3.87,2.3,1.61,2.39,1.63,2.43,1.68,2.28,1.62,-0.5,2.13,1.81,2.12,1.81,2.15,1.84,2.09,1.78
E1,14/08/2021,15:00,Birmingham,Stoke,0,0,D,0,0,D,G Ward,9,8,2,2,7,8,7,6,1,2,0,0,2.7,3.1,2.8,2.6,3.1,2.9,2.75,3.05,2.75,2.85,3.08,2.8,2.7,3,2.7,2.7,3.1,2.75,2.86,3.18,2.9,2.75,3.05,2.8,2.5,1.53,2.54,1.55,2.57,1.59,2.48,1.54,0,1.94,1.99,1.96,1.93,1.97,2.01,1.92,1.94,3,3.1,2.5,3,2.95,2.65,3.1,3,2.5,3.28,3.09,2.51,3,2.9,2.55,3.1,3.1,2.45,3.3,3.2,2.7,3.09,3.02,2.52,2.5,1.53,2.52,1.57,2.57,1.58,2.45,1.54,0.25,1.81,2.13,1.81,2.11,1.83,2.16,1.77,2.1
E1,14/08/2021,15:00,Blackpool,Cardiff,0,2,A,0,0,D,A Woolmer,8,17,2,8,9,18,5,3,1,1,0,0,3.1,3.2,2.4,3,3.25,2.45,3.1,3.15,2.4,3.15,3.23,2.47,3.1,3,2.4,3,3.25,2.4,3.32,3.27,2.55,3.1,3.19,2.41,2.2,1.66,2.27,1.68,2.31,1.71,2.23,1.66,0.25,1.81,2.13,1.81,2.1,1.84,2.14,1.8,2.07,2.87,3.1,2.6,2.9,3.1,2.6,2.7,3.05,2.75,2.78,3.18,2.83,2.7,3,2.7,2.75,3.2,2.63,3,3.2,2.9,2.76,3.1,2.72,2.3,1.61,2.34,1.65,2.39,1.69,2.28,1.63,0,1.94,1.99,1.93,1.97,1.99,1.99,1.93,1.92
E1,14/08/2021,15:00,Huddersfield,Fulham,1,5,A,1,3,A,D Whitestone,9,15,2,11,10,9,5,7,1,1,0,1,4.75,3.3,1.85,4.5,3.3,1.91,4.3,3.4,1.9,4.6,3.46,1.89,4.33,3.25,1.83,4.2,3.5,1.87,4.75,3.6,1.96,4.35,3.42,1.89,2.1,1.72,2.19,1.72,2.28,1.76,2.17,1.7,0.5,1.99,1.94,2,1.89,2,1.98,1.96,1.9,4.5,3.4,1.85,4.6,3.3,1.9,4.4,3.3,1.9,4.63,3.4,1.93,4.5,3.2,1.83,4.2,3.4,1.9,4.65,3.45,1.95,4.4,3.33,1.9,2.2,1.66,2.34,1.65,2.34,1.71,2.26,1.64,0.5,1.98,1.95,1.98,1.93,1.98,1.97,1.94,1.9
E1,14/08/2021,15:00,Hull,QPR,0,3,A,0,1,A,M Donohue,12,14,4,8,6,7,7,2,0,0,1,0,2.8,3.25,2.6,2.75,3.25,2.65,2.75,3.2,2.65,2.79,3.26,2.72,2.75,3.1,2.6,2.7,3.25,2.63,2.85,3.37,2.8,2.75,3.21,2.66,2.06,1.87,2.03,1.85,2.11,1.88,2.02,1.81,0,1.98,1.95,1.97,1.92,2.01,1.97,1.96,1.9,2.45,3.25,3,2.45,3.1,3.1,2.4,3.25,3,2.43,3.35,3.14,2.4,3.25,2.87,2.4,3.4,2.9,2.6,3.42,3.16,2.44,3.24,3,2,1.8,2.05,1.85,2.08,1.87,2,1.81,-0.25,2.1,1.83,2.08,1.84,2.13,1.84,2.08,1.79
E1,14/08/2021,15:00,Middlesbrough,Bristol City,2,1,H,1,0,H,O Langford,13,10,7,2,15,13,1,1,1,1,0,0,1.8,3.4,5,1.78,3.4,5.25,1.8,3.5,4.7,1.81,3.48,5.12,1.8,3.25,4.8,1.8,3.5,4.75,1.86,3.6,5.25,1.8,3.45,4.87,2.2,1.66,2.23,1.69,2.28,1.72,2.19,1.69,-0.75,2.09,1.84,2.09,1.81,2.1,1.85,2.05,1.81,2.05,3.2,4,2,3.2,4.25,2.1,3.05,3.95,2.14,3.1,4.21,2.05,3.1,3.8,2.05,3.25,3.8,2.19,3.35,4.5,2.07,3.11,4.06,2.5,1.53,2.53,1.56,2.57,1.62,2.43,1.55,-0.5,2.17,1.77,2.13,1.79,2.19,1.89,2.09,1.78
E1,14/08/2021,15:00,Millwall,Blackburn,1,1,D,0,0,D,A Davies,15,2,2,1,10,15,7,3,1,2,0,0,2.45,3.2,3,2.45,3.25,3,2.5,3.1,3,2.5,3.2,3.12,2.4,3.1,3,2.45,3.2,3,2.6,3.28,3.2,2.48,3.17,3.01,2.2,1.66,2.29,1.67,2.35,1.68,2.27,1.64,-0.25,2.14,1.8,2.12,1.79,2.14,1.81,2.1,1.77,2.25,3.1,3.5,2.3,3,3.5,2.3,3.1,3.35,2.42,3.1,3.42,2.35,3,3.2,2.38,3.25,3.13,2.45,3.3,3.6,2.34,3.09,3.32,2.2,1.66,2.33,1.66,2.38,1.68,2.27,1.63,-0.25,2.06,1.87,2.04,1.87,2.07,1.93,1.99,1.86
E1,14/08/2021,15:00,Nott'm Forest,Bournemouth,1,2,A,0,1,A,G Eltringham,15,8,5,3,8,16,6,4,2,1,0,1,3.5,3.3,2.15,3.5,3.25,2.2,3.45,3.3,2.15,3.53,3.33,2.22,3.5,3.1,2.15,3.4,3.3,2.2,3.62,3.41,2.25,3.44,3.29,2.19,2.2,1.66,2.21,1.71,2.26,1.76,2.18,1.69,0.25,2,1.93,1.99,1.9,2.04,1.94,1.97,1.88,2.62,3.2,2.8,2.6,3.2,2.8,2.55,3.15,2.9,2.59,3.3,2.95,2.5,3.1,2.9,2.55,3.2,2.88,3.35,3.3,3.05,2.6,3.15,2.85,2.1,1.72,2.19,1.74,2.26,1.74,2.18,1.68,0,1.83,2.1,1.83,2.09,1.86,2.11,1.82,2.04
E1,14/08/2021,15:00,Reading,Preston,2,1,H,1,0,H,J Smith,12,13,2,5,11,16,2,12,3,0,0,0,2.2,3.2,3.5,2.25,3.25,3.4,2.2,3.3,3.35,2.2,3.38,3.53,2.15,3.2,3.4,2.15,3.4,3.4,2.3,3.41,3.66,2.2,3.31,3.42,2.1,1.72,2.13,1.76,2.19,1.8,2.11,1.74,-0.25,1.92,2.01,1.88,2.01,1.93,2.02,1.88,1.97,2.37,3.2,3.1,2.25,3.2,3.4,2.45,3.05,3.2,2.49,3.07,3.33,2.35,3.1,3.1,2.38,3.2,3.1,2.52,3.2,3.4,2.42,3.08,3.18,2.37,1.57,2.45,1.6,2.51,1.66,2.33,1.6,-0.25,2.08,1.85,2.1,1.83,2.1,1.85,2.06,1.8
E1,14/08/2021,15:00,West Brom,Luton,3,2,H,2,0,H,T Robinson,18,11,6,5,15,9,8,4,2,2,0,0,1.7,3.6,5.5,1.67,3.6,5.75,1.65,3.8,5.25,1.66,3.89,5.66,1.63,3.7,5.25,1.65,3.9,5.25,1.75,4.11,6,1.65,3.84,5.4,2,1.93,1.94,1.93,2.06,1.94,1.97,1.86,-0.75,1.86,2.07,1.85,2.05,1.92,2.08,1.84,2.01,1.61,3.9,5.5,1.67,3.75,5.5,1.67,3.75,5.25,1.69,3.9,5.49,1.65,3.6,5.25,1.65,3.9,5.25,1.72,4.08,5.74,1.68,3.77,5.23,1.9,1.9,1.96,1.93,1.97,1.99,1.91,1.89,-0.75,1.89,2.04,1.89,2.02,1.95,2.04,1.88,1.97
E1,14/08/2021,20:00,Swansea,Sheffield United,0,0,D,0,0,D,K Stroud,8,8,1,2,8,14,1,6,1,2,0,0,3,3.2,2.45,3,3.25,2.45,3,3.2,2.45,3.11,3.2,2.51,3,3,2.45,3,3.2,2.45,3.16,3.26,2.7,3.03,3.18,2.47,2.3,1.61,2.29,1.66,2.33,1.69,2.27,1.64,0.25,1.79,2.15,1.79,2.13,1.8,2.16,1.77,2.1,3.6,3.3,2.1,3.75,3.3,2.1,3.6,3.25,2.15,3.71,3.35,2.17,3.6,3.2,2.1,3.6,3.3,2.1,3.78,3.4,2.25,3.58,3.27,2.14,2.2,1.66,2.26,1.69,2.36,1.76,2.25,1.64,0.25,2.07,1.86,2.06,1.85,2.07,1.89,2.02,1.83
E1,17/08/2021,19:45,Barnsley,Luton,0,1,A,0,1,A,O Langford,10,7,3,4,13,13,4,4,1,4,0,0,2.3,3.2,3.3,2.3,3.2,3.3,2.3,3.15,3.25,2.35,3.27,3.37,2.25,3.2,3.2,2.3,3.25,3.2,2.4,3.3,3.42,2.31,3.2,3.24,2.3,1.61,2.32,1.66,2.42,1.66,2.28,1.62,-0.25,2.02,1.91,2,1.9,2.03,1.91,1.97,1.87,2.2,3.2,3.5,2.3,3.2,3.3,2.3,3.15,3.3,2.32,3.16,3.56,2.2,3.2,3.3,2.25,3.2,3.4,2.4,3.35,3.84,2.26,3.19,3.38,2.3,1.61,2.32,1.66,2.37,1.7,2.25,1.64,-0.25,1.96,1.97,1.97,1.93,1.97,2.07,1.91,1.93
E1,17/08/2021,19:45,Blackpool,Coventry,0,1,A,0,1,A,K Stroud,12,19,4,5,7,11,6,11,2,4,0,0,3,3.2,2.45,2.95,3.1,2.55,2.95,3.1,2.55,3.04,3.24,2.57,3,3.1,2.45,3,3.2,2.45,3.15,3.25,2.6,2.98,3.15,2.5,2.37,1.57,2.42,1.61,2.47,1.64,2.33,1.6,0.25,1.73,2.08,1.76,2.17,1.79,2.2,1.74,2.13,2.75,3.1,2.7,2.95,3.1,2.6,2.8,3,2.7,2.83,3.13,2.83,2.75,3.1,2.6,2.8,3.13,2.63,2.96,3.22,2.84,2.82,3.06,2.7,2.5,1.53,2.47,1.59,2.56,1.64,2.4,1.56,0,1.96,1.97,1.95,1.95,2.01,1.98,1.96,1.89
E1,17/08/2021,19:45,Huddersfield,Preston,1,0,H,0,0,D,J Linington,7,8,0,2,12,7,4,4,3,2,0,0,2.45,3.2,3,2.4,3.25,3.1,2.45,3.1,3.05,2.5,3.21,3.17,2.4,3.1,3,2.45,3.2,3,2.55,3.3,3.25,2.45,3.15,3.06,2.3,1.61,2.36,1.64,2.42,1.67,2.28,1.63,-0.25,2.13,1.81,2.13,1.81,2.13,1.83,2.09,1.78,2.6,3.1,2.87,2.75,3,2.8,2.7,3,2.8,2.79,3.07,2.92,2.62,3.1,2.7,2.63,3.2,2.75,2.82,3.22,3.16,2.69,3.07,2.82,2.3,1.61,2.37,1.63,2.43,1.7,2.27,1.63,0,1.94,1.99,1.91,2,1.94,2.11,1.88,1.97
E1,17/08/2021,19:45,Millwall,Fulham,1,2,A,0,2,A,G Eltringham,7,16,2,6,11,11,2,5,4,2,0,0,3.8,3.1,2.15,3.6,3.1,2.2,3.7,3.05,2.2,3.97,3.1,2.2,3.7,3.1,2.1,3.6,3.2,2.15,3.97,3.2,2.26,3.73,3.08,2.18,2.3,1.61,2.45,1.6,2.45,1.64,2.34,1.59,0.25,2.07,1.86,2.06,1.86,2.08,1.88,2,1.84,3.6,3.1,2.2,3.6,3.1,2.2,3.6,3.05,2.25,3.78,3.12,2.26,3.5,3.1,2.15,3.6,3.2,2.15,3.96,3.2,2.3,3.61,3.11,2.21,2.3,1.61,2.43,1.61,2.47,1.7,2.28,1.62,0.25,2.02,1.91,2,1.91,2.16,1.97,1.98,1.86
E1,17/08/2021,19:45,Peterboro,Cardiff,2,2,D,0,0,D,T Bramall,8,9,3,3,9,18,0,6,1,2,0,0,3.2,3.2,2.4,3.25,3.25,2.3,3.1,3.15,2.4,3.25,3.19,2.47,3.1,3.2,2.3,3,3.25,2.4,3.25,3.34,2.49,3.13,3.17,2.4,2.3,1.61,2.32,1.66,2.35,1.71,2.22,1.66,0.25,1.83,2.1,1.83,2.09,1.85,2.12,1.81,2.04,2.87,3.2,2.55,3.1,3.2,2.4,2.9,3.05,2.6,2.94,3.19,2.67,2.8,3.1,2.55,2.88,3.2,2.55,3.16,3.3,2.68,2.91,3.14,2.57,2.3,1.61,2.38,1.63,2.41,1.7,2.27,1.63,0,2.06,1.87,2.05,1.86,2.19,1.87,2.03,1.82
E1,17/08/2021,19:45,Swansea,Stoke,1,3,A,0,1,A,J Smith,9,12,3,5,6,14,5,5,0,2,0,0,3.1,3.1,2.45,3,3.2,2.5,3.05,3.1,2.45,3.22,3.16,2.5,3,3,2.45,3.1,3.1,2.45,3.26,3.2,2.56,3.1,3.08,2.47,2.37,1.57,2.35,1.65,2.47,1.65,2.35,1.59,0.25,1.82,2.11,1.81,2.11,1.83,2.14,1.78,2.08,3.1,3.2,2.37,3.2,3.2,2.35,3.05,3.1,2.45,3.12,3.3,2.48,3,3,2.45,3,3.2,2.45,3.22,3.3,2.57,3.08,3.17,2.42,2.3,1.61,2.33,1.66,2.38,1.7,2.29,1.62,0.25,1.84,2.09,1.81,2.12,1.85,2.12,1.79,2.06
E1,17/08/2021,20:00,Reading,Bristol City,2,3,A,1,2,A,A Woolmer,11,8,3,5,11,12,5,2,0,1,0,0,2.2,3.25,3.4,2.3,3.2,3.3,2.25,3.15,3.35,2.32,3.2,3.53,2.25,3.1,3.3,2.25,3.25,3.3,2.4,3.34,3.53,2.29,3.17,3.33,2.2,1.66,2.27,1.68,2.29,1.71,2.2,1.67,-0.25,1.97,1.96,1.96,1.94,2,1.98,1.94,1.9,2.2,3.2,3.5,2.2,3.25,3.5,2.25,3.2,3.4,2.35,3.14,3.52,2.25,3.1,3.3,2.3,3.2,3.3,2.4,3.3,3.57,2.29,3.15,3.37,2.37,1.57,2.44,1.6,2.47,1.7,2.29,1.62,-0.25,1.99,1.94,1.99,1.92,2.02,1.95,1.96,1.88
E1,18/08/2021,19:45,Birmingham,Bournemouth,0,2,A,0,0,D,A Davies,9,9,3,4,17,8,5,3,1,0,0,0,3.1,3.25,2.4,3.1,3.3,2.35,3.1,3.2,2.4,3.23,3.19,2.44,3.1,3.1,2.35,3,3.25,2.4,3.23,3.36,2.52,3.08,3.2,2.41,2.1,1.72,2.21,1.71,2.21,1.79,2.12,1.72,0.25,1.81,2.13,1.83,2.07,1.85,2.13,1.8,2.06,2.55,3.1,2.9,2.5,3.2,3,2.55,3.1,2.95,2.67,3.14,2.99,2.55,3.1,2.8,2.5,3.13,3,2.7,3.33,3.1,2.55,3.12,2.94,2.2,1.66,2.3,1.67,2.33,1.77,2.23,1.65,0,1.84,2.09,1.85,2.07,1.85,2.16,1.79,2.06
E1,18/08/2021,19:45,Hull,Derby,0,1,A,0,0,D,D Whitestone,9,13,2,5,7,11,5,3,1,3,0,0,1.8,3.75,4.5,1.91,3.7,3.9,1.85,3.55,4.3,1.87,3.63,4.46,1.85,3.4,4.2,1.83,3.6,4.33,1.95,3.75,4.6,1.87,3.55,4.23,2.1,1.72,2.16,1.74,2.15,1.82,2.08,1.74,-0.5,1.87,2.06,1.87,2.03,1.92,2.07,1.86,2,2.1,3.1,3.9,2.15,3,3.9,2.15,3.1,3.7,2.19,3.14,3.96,2.1,3,3.8,2.15,3.25,3.6,2.22,3.3,4,2.14,3.13,3.76,2.3,1.61,2.4,1.62,2.41,1.71,2.3,1.61,-0.25,1.88,2.05,1.85,2.07,1.88,2.07,1.83,2.01
E1,18/08/2021,19:45,Middlesbrough,QPR,2,3,A,1,0,H,S Martin,14,8,6,6,14,17,7,1,2,1,0,1,2.4,3.25,3,2.4,3.2,3.1,2.45,3.15,3,2.53,3.17,3.1,2.4,3.1,3,2.4,3.25,3,2.55,3.4,3.2,2.45,3.18,3.02,2.1,1.72,2.13,1.76,2.15,1.82,2.08,1.75,-0.25,2.13,1.81,2.15,1.78,2.15,1.84,2.09,1.78,2.4,3.25,3,2.4,3.25,3.1,2.5,3.15,2.95,2.56,3.26,3.03,2.4,3.2,2.9,2.45,3.3,2.9,2.64,3.33,3.23,2.49,3.19,2.96,2.1,1.72,2.16,1.75,2.24,1.83,2.13,1.71,0,1.84,2.09,1.8,2.13,1.84,2.13,1.79,2.07
E1,18/08/2021,19:45,Nott'm Forest,Blackburn,1,2,A,0,0,D,G Ward,7,9,4,7,13,15,3,1,1,3,1,0,2.37,3.3,3.1,2.5,3.3,2.85,2.45,3.2,3,2.5,3.24,3.09,2.4,3.2,2.9,2.4,3.3,3,2.5,3.4,3.15,2.44,3.24,2.98,2.1,1.72,2.15,1.75,2.15,1.8,2.1,1.73,-0.25,2.1,1.83,2.13,1.79,2.13,1.87,2.09,1.78,2.45,3.2,3,2.45,3.25,3,2.55,3.15,2.9,2.64,3.21,2.96,2.5,3.1,2.87,2.55,3.25,2.8,2.67,3.36,3.07,2.54,3.18,2.9,2.2,1.66,2.23,1.7,2.23,1.75,2.16,1.69,0,1.88,2.05,1.85,2.07,1.88,2.16,1.81,2.04
E1,18/08/2021,20:00,West Brom,Sheffield United,4,0,H,1,0,H,M Donohue,12,5,4,1,11,3,5,4,0,1,0,0,2.1,3.4,3.5,2.1,3.3,3.7,2.05,3.35,3.65,2.1,3.48,3.71,2.05,3.25,3.6,2.05,3.4,3.6,2.14,3.5,3.75,2.09,3.37,3.6,2.1,1.72,2.18,1.72,2.25,1.75,2.14,1.71,-0.25,1.83,2.1,1.8,2.09,1.85,2.12,1.81,2.05,2,3.2,4.2,2.1,3.1,4,2.1,3.15,3.85,2.06,3.28,4.21,2,3.25,3.8,2.1,3.25,3.7,2.15,3.35,4.25,2.08,3.18,3.88,2.2,1.66,2.24,1.7,2.27,1.74,2.17,1.68,-0.25,1.73,2.08,1.75,2.19,1.83,2.19,1.78,2.08
E1,20/08/2021,19:45,Bristol City,Swansea,0,1,A,0,1,A,G Eltringham,15,8,5,4,14,14,1,2,4,6,0,0,2.15,3.25,3.6,2.2,3.2,3.5,2.25,3.15,3.4,2.27,3.24,3.59,2.25,3.1,3.3,2.25,3.25,3.3,2.36,3.28,3.6,2.25,3.19,3.42,2.2,1.66,2.26,1.69,2.28,1.72,2.22,1.66,-0.25,1.94,1.96,1.93,1.97,1.96,1.98,1.91,1.92,2.15,3.25,3.6,2.2,3.2,3.5,2.25,3.15,3.45,2.27,3.23,3.6,2.25,3.1,3.3,2.25,3.3,3.25,2.34,3.31,3.67,2.24,3.18,3.45,2.1,1.72,2.21,1.72,2.28,1.84,2.16,1.69,-0.25,1.93,1.97,1.93,1.98,1.97,1.98,1.91,1.93
E1,21/08/2021,12:30,QPR,Barnsley,2,2,D,0,2,A,G Ward,13,12,6,4,3,15,6,9,2,3,0,0,2.05,3.3,3.8,2.1,3.4,3.6,2.1,3.4,3.55,2.1,3.55,3.69,2.05,3.3,3.6,2.05,3.4,3.6,2.22,3.6,3.8,2.1,3.41,3.54,2,1.8,2.07,1.82,2.2,1.84,2.07,1.76,-0.25,1.85,2.05,1.81,2.1,1.88,2.1,1.8,2.05,2.05,3.4,3.75,2.1,3.4,3.6,2.1,3.35,3.55,2.11,3.51,3.71,2.05,3.25,3.6,2.05,3.5,3.6,2.13,3.52,3.81,2.08,3.39,3.61,2,1.8,2.09,1.8,2.18,1.91,2.05,1.76,-0.5,2.05,1.75,2.1,1.81,2.13,1.85,2.07,1.78
E1,21/08/2021,15:00,Blackburn,West Brom,1,2,A,0,2,A,T Harrington,7,23,2,11,11,12,5,6,1,2,0,0,4,3.3,1.9,3.9,3.4,2,3.8,3.4,2,3.96,3.48,2.02,3.6,3.25,2.05,3.8,3.4,2,4.08,3.55,2.14,3.77,3.4,2.03,2.1,1.72,2.08,1.79,2.25,1.79,2.1,1.74,0.5,1.89,2.01,1.87,2.02,1.89,2.14,1.82,2.04,3.75,3.4,2.05,3.6,3.5,2.05,3.45,3.4,2.15,3.69,3.47,2.13,3.5,3.25,2.1,3.4,3.5,2.1,3.75,3.51,2.2,3.54,3.41,2.11,1.9,1.9,1.97,1.91,2,2.07,1.9,1.9,0.25,2.07,1.83,2.09,1.83,2.09,1.88,2.04,1.82
E1,21/08/2021,15:00,Bournemouth,Blackpool,2,2,D,2,0,H,S Martin,13,11,5,5,20,12,6,5,0,4,0,0,1.65,3.8,5.5,1.62,3.8,5.75,1.67,3.7,5.25,1.68,3.8,5.64,1.65,3.6,5.25,1.67,3.75,5.25,1.72,3.88,5.75,1.68,3.73,5.33,2,1.8,2.06,1.82,2.09,1.84,2.03,1.79,-0.75,1.9,2,1.89,2,1.91,2.03,1.88,1.97,1.66,3.8,5.25,1.65,3.8,5.5,1.7,3.75,4.8,1.72,3.93,5.13,1.66,3.7,5,1.67,3.9,5,1.74,4,5.5,1.69,3.83,5.06,1.83,2.02,1.85,2.05,1.92,2.17,1.84,1.97,-0.75,1.93,1.97,1.93,1.98,1.96,2,1.89,1.95
E1,21/08/2021,15:00,Cardiff,Millwall,3,1,H,0,0,D,J Linington,16,12,5,5,15,14,2,3,2,1,0,0,2.2,3.2,3.5,2.3,3.1,3.4,2.25,3.05,3.5,2.3,3.07,3.67,2.25,3,3.4,2.25,3.13,3.4,2.38,3.28,3.67,2.28,3.09,3.45,2.5,1.53,2.47,1.58,2.5,1.62,2.42,1.56,-0.25,1.94,1.96,1.93,1.95,1.97,1.98,1.93,1.92,2.35,3.1,3.3,2.25,3.1,3.5,2.4,3,3.25,2.44,3.07,3.43,2.3,3.1,3.25,2.38,3.1,3.2,2.45,3.24,3.71,2.35,3.06,3.36,2.5,1.53,2.57,1.55,2.63,1.58,2.49,1.53,-0.25,2.08,1.82,2.05,1.86,2.11,1.89,2.01,1.84
E1,21/08/2021,15:00,Coventry,Reading,2,1,H,0,1,A,D Webb,25,7,7,2,14,8,10,2,5,3,0,0,2.05,3.4,3.6,2.1,3.4,3.6,2.1,3.35,3.6,2.1,3.39,3.82,2.1,3.2,3.5,2.05,3.3,3.75,2.22,3.5,3.92,2.1,3.35,3.62,2.2,1.66,2.22,1.7,2.23,1.75,2.16,1.7,-0.25,1.73,2.08,1.75,2.16,1.85,2.16,1.79,2.05,2.05,3.3,3.75,1.95,3.4,4.1,2.1,3.3,3.65,2.11,3.31,3.96,2.05,3.2,3.7,2.05,3.4,3.7,2.18,3.45,4.1,2.08,3.31,3.78,2.2,1.66,2.27,1.68,2.35,1.73,2.19,1.68,-0.25,1.8,2,1.79,2.12,1.83,2.18,1.77,2.08
E1,21/08/2021,15:00,Derby,Middlesbrough,0,0,D,0,0,D,A Davies,9,11,4,3,15,7,7,3,2,4,0,0,3.1,3.1,2.45,3,3.2,2.45,3,3.15,2.45,3.11,3.22,2.5,3,3.1,2.45,2.9,3.2,2.5,3.14,3.32,2.59,2.99,3.17,2.48,2.3,1.61,2.33,1.64,2.39,1.68,2.28,1.63,0,2.08,1.73,2.17,1.74,2.2,1.85,2.09,1.77,2.7,3.1,2.8,2.95,2.95,2.7,2.7,3,2.85,2.74,3.09,2.95,2.6,3.1,2.8,2.63,3.1,2.88,2.95,3.18,3.05,2.74,3.04,2.82,2.5,1.53,2.52,1.57,2.63,1.59,2.48,1.53,0,1.88,2.02,1.88,2.03,1.97,2.08,1.88,1.97
E1,21/08/2021,15:00,Fulham,Hull,2,0,H,2,0,H,T Robinson,15,8,6,3,14,5,9,1,3,2,0,0,1.36,4.75,9.5,1.42,4.6,7.5,1.4,4.7,7.75,1.42,4.79,8.03,1.4,4.33,8,1.4,4.5,8.5,1.49,4.9,9.5,1.41,4.63,7.85,1.85,2,1.82,2.05,1.9,2.07,1.83,1.99,-1.25,1.89,2.01,1.91,1.97,1.99,2.01,1.91,1.94,1.33,5,9,1.36,5,8.5,1.37,5,8.25,1.37,4.99,10.04,1.33,4.75,9,1.36,5,8.5,1.39,5.41,10.5,1.36,4.92,8.98,1.66,2.2,1.71,2.23,1.82,2.23,1.73,2.11,-1.25,1.82,2.08,1.85,2.06,1.88,2.11,1.83,2.02
E1,21/08/2021,15:00,Luton,Birmingham,0,5,A,0,2,A,J Busby,11,20,3,9,10,7,5,5,1,1,0,0,2,3.25,3.8,2.05,3.4,3.75,2.1,3.35,3.6,2.08,3.47,3.77,2.1,3.2,3.6,2.1,3.3,3.7,2.2,3.5,3.8,2.1,3.34,3.62,2.2,1.66,2.22,1.7,2.38,1.7,2.24,1.65,-0.25,1.75,2.05,1.78,2.11,1.85,2.12,1.8,2.06,2.25,3.1,3.5,2.2,3.1,3.7,2.3,3.05,3.45,2.38,3.03,3.62,2.2,3.1,3.4,2.3,3.2,3.3,2.45,3.3,3.7,2.3,3.08,3.46,2.37,1.57,2.49,1.58,2.49,1.63,2.37,1.58,-0.25,1.99,1.91,1.99,1.91,2.02,1.97,1.94,1.9
E1,21/08/2021,15:00,Preston,Peterboro,1,0,H,1,0,H,D Whitestone,16,9,7,2,14,7,5,1,2,0,0,0,2.1,3.3,3.6,2.2,3.2,3.5,2.25,3.2,3.35,2.28,3.21,3.53,2.2,3.2,3.3,2.2,3.25,3.4,2.35,3.44,3.6,2.22,3.25,3.4,2.2,1.66,2.24,1.69,2.33,1.72,2.21,1.67,-0.25,1.92,1.98,1.92,1.97,1.95,2.01,1.9,1.95,2.4,3.1,3.25,2.3,3.2,3.3,2.45,3.1,3.05,2.49,3.14,3.25,2.3,3.2,3.1,2.4,3.3,3,2.55,3.39,3.3,2.43,3.14,3.13,2.2,1.66,2.23,1.71,2.27,1.78,2.15,1.71,-0.25,2.08,1.82,2.11,1.82,2.13,1.83,2.08,1.79
E1,21/08/2021,15:00,Sheffield United,Huddersfield,1,2,A,0,0,D,M Salisbury,16,6,6,3,7,9,6,4,0,3,0,0,1.57,3.8,5.75,1.65,3.8,5.5,1.63,3.8,5.5,1.66,3.88,5.64,1.61,3.7,5.5,1.62,3.8,5.75,1.72,3.93,6,1.65,3.79,5.54,2.1,1.72,2.13,1.76,2.13,1.86,2.07,1.76,-0.75,1.86,2.04,1.86,2.04,1.88,2.09,1.83,2.02,1.72,3.6,4.75,1.72,3.5,5.5,1.77,3.4,5,1.77,3.62,5.28,1.7,3.5,5,1.75,3.6,4.8,1.83,3.73,5.75,1.76,3.52,5.1,2.2,1.66,2.22,1.71,2.28,1.77,2.17,1.69,-0.75,2.01,1.89,2.02,1.88,2.06,1.92,1.99,1.86
E1,21/08/2021,15:00,Stoke,Nott'm Forest,1,0,H,0,0,D,O Langford,11,2,5,0,8,6,6,2,2,2,0,0,1.83,3.5,4.5,1.85,3.5,4.5,1.9,3.3,4.4,1.89,3.42,4.68,1.85,3.25,4.5,1.87,3.4,4.4,1.95,3.5,4.68,1.89,3.38,4.39,2.3,1.61,2.37,1.63,2.37,1.7,2.28,1.63,-0.5,1.89,2.01,1.89,2,1.94,2.03,1.89,1.96,1.72,3.6,5,1.85,3.5,4.5,1.75,3.45,5.25,1.76,3.61,5.44,1.72,3.4,5,1.75,3.5,5,1.85,3.7,5.6,1.77,3.5,5.04,2.3,1.61,2.33,1.65,2.4,1.68,2.3,1.62,-0.75,2.01,1.89,2.01,1.9,2.06,1.91,2,1.85
E1,28/08/2021,12:30,Cardiff,Bristol City,1,2,A,0,1,A,D Webb,12,9,5,5,9,8,4,3,2,2,0,0,1.95,3.4,4,1.91,3.4,4.25,2,3.35,3.9,2,3.36,4.23,1.95,3.25,4,1.95,3.5,3.9,2.05,3.5,4.3,1.98,3.37,4.01,2,1.8,2.14,1.75,2.16,1.83,2.09,1.75,-0.5,2,1.93,2.01,1.9,2.03,1.95,1.98,1.87,1.9,3.2,4.5,1.91,3.25,4.6,1.95,3.2,4.5,1.93,3.33,4.7,1.91,3.2,4.33,1.9,3.25,4.5,1.98,3.45,4.7,1.93,3.25,4.48,2.5,1.53,2.59,1.54,2.63,1.65,2.47,1.54,-0.5,1.95,1.98,1.93,1.97,1.95,2,1.92,1.93
E1,28/08/2021,12:30,Derby,Nott'm Forest,1,1,D,1,0,H,T Robinson,13,13,4,4,6,7,8,4,4,1,0,0,2.45,3.1,3.1,2.55,2.9,3.2,2.55,3,3.05,2.6,2.96,3.22,2.5,2.87,3.1,2.5,3.1,3,2.75,3.17,3.25,2.56,2.99,3.08,2.5,1.53,2.62,1.52,2.66,1.56,2.54,1.52,0,1.78,2.16,1.75,2.17,1.83,2.17,1.77,2.12,2.3,3.2,3.3,2.35,3,3.4,2.35,3,3.45,2.38,3.09,3.51,2.35,3,3.2,2.38,3,3.4,2.52,3.26,3.55,2.38,3.02,3.36,2.62,1.5,2.74,1.5,2.8,1.56,2.65,1.47,-0.25,2.02,1.91,2.01,1.9,2.06,1.91,2,1.86
E1,28/08/2021,15:00,Barnsley,Birmingham,1,1,D,1,1,D,M Donohue,7,14,2,4,10,11,2,2,2,4,0,0,2.25,3.3,3.3,2.2,3.2,3.5,2.3,3.15,3.3,2.34,3.23,3.39,2.25,3,3.4,2.3,3.2,3.3,2.4,3.3,3.5,2.29,3.19,3.34,2.37,1.57,2.43,1.6,2.45,1.66,2.35,1.6,-0.25,2,1.93,1.99,1.9,2,1.94,1.96,1.89,2.45,3.1,3.1,2.45,3.1,3.1,2.5,3,3.05,2.56,3.09,3.19,2.4,3,3.1,2.5,3.1,3,2.62,3.21,3.3,2.48,3.06,3.12,2.37,1.57,2.42,1.61,2.54,1.64,2.34,1.6,-0.25,2.17,1.77,2.16,1.78,2.2,1.8,2.11,1.76
E1,28/08/2021,15:00,Fulham,Stoke,3,0,H,1,0,H,J Gillett,20,11,9,3,7,9,8,7,0,1,0,0,1.83,3.4,4.5,1.87,3.3,4.75,1.85,3.35,4.5,1.88,3.34,4.86,1.85,3.2,4.6,1.85,3.4,4.5,1.95,3.45,4.9,1.89,3.34,4.54,2.2,1.66,2.25,1.68,2.31,1.7,2.24,1.65,-0.5,1.89,2.04,1.88,2,1.92,2.04,1.88,1.97,1.75,3.5,5,1.8,3.4,5,1.83,3.35,4.7,1.84,3.46,5.05,1.8,3.25,4.75,1.8,3.4,4.8,1.93,3.59,5.13,1.83,3.38,4.79,2.2,1.66,2.29,1.68,2.33,1.71,2.25,1.64,-0.5,1.83,2.1,1.84,2.07,1.87,2.16,1.82,2.03
E1,28/08/2021,15:00,Huddersfield,Reading,4,0,H,1,0,H,L Doughty,16,7,8,1,10,10,5,3,3,2,0,0,2.37,3.25,3.1,2.25,3.3,3.3,2.35,3.25,3.15,2.37,3.27,3.27,2.3,3.1,3.2,2.3,3.3,3.13,2.4,3.4,3.4,2.34,3.27,3.16,2.1,1.72,2.18,1.73,2.19,1.81,2.11,1.74,-0.25,2.04,1.89,2.02,1.87,2.07,1.91,2,1.86,2.15,3.25,3.5,2.25,3.2,3.4,2.2,3.15,3.55,2.31,3.11,3.66,2.2,3,3.5,2.2,3.3,3.4,2.35,3.34,3.72,2.24,3.18,3.47,2.1,1.72,2.21,1.72,2.24,1.79,2.13,1.72,-0.25,1.95,1.98,1.95,1.95,1.95,2,1.9,1.95
E1,28/08/2021,15:00,Hull,Bournemouth,0,0,D,0,0,D,G Eltringham,3,12,0,5,15,16,2,6,0,2,0,0,3.6,3.4,2.1,3.6,3.25,2.15,3.35,3.25,2.2,3.49,3.32,2.24,3.3,3.2,2.2,3.4,3.4,2.15,3.6,3.57,2.31,3.42,3.3,2.2,2.1,1.72,2.18,1.72,2.2,1.76,2.13,1.72,0.25,1.99,1.94,1.97,1.92,2.04,1.96,1.95,1.89,3.25,3.3,2.25,3.1,3.3,2.35,3.2,3.25,2.3,3.31,3.36,2.33,3.2,3.1,2.3,3.13,3.3,2.3,3.5,3.57,2.38,3.22,3.3,2.29,2.1,1.72,2.17,1.75,2.19,1.84,2.12,1.72,0.25,1.92,2.01,1.91,2,1.92,2.02,1.88,1.97
E1,28/08/2021,15:00,Luton,Sheffield United,0,0,D,0,0,D,A Davies,9,8,1,1,13,8,2,6,1,1,0,0,2.87,3.2,2.55,2.85,3.2,2.6,2.85,3.2,2.6,2.93,3.26,2.59,2.75,3.1,2.6,2.8,3.2,2.6,2.94,3.31,2.75,2.84,3.2,2.6,2.3,1.61,2.33,1.64,2.38,1.67,2.3,1.62,0,2.07,1.86,2.07,1.83,2.08,1.89,2.01,1.84,3.1,3.4,2.3,3.1,3.2,2.4,3.1,3.15,2.45,3.22,3.32,2.4,3,3,2.45,3.1,3.2,2.38,3.28,3.4,2.58,3.09,3.2,2.41,2.3,1.61,2.35,1.65,2.41,1.68,2.32,1.61,0.25,1.88,2.05,1.86,2.05,1.9,2.11,1.82,2.04
E1,28/08/2021,15:00,Middlesbrough,Blackburn,1,1,D,1,1,D,M Salisbury,12,6,5,1,9,7,11,5,1,2,1,1,2.1,3.3,3.6,2.15,3.3,3.6,2.2,3.2,3.45,2.2,3.26,3.68,2.2,3.1,3.4,2.15,3.3,3.5,2.25,3.4,3.7,2.18,3.26,3.53,2.1,1.72,2.18,1.72,2.21,1.76,2.14,1.71,-0.25,1.88,2.05,1.87,2.02,1.89,2.07,1.85,2,2.4,3.2,3.1,2.4,3.1,3.2,2.45,3.15,3.05,2.5,3.19,3.18,2.45,3.1,3,2.45,3.25,2.9,2.55,3.28,3.4,2.44,3.16,3.1,2.2,1.66,2.19,1.74,2.35,1.76,2.18,1.68,-0.25,2.15,1.79,2.12,1.81,2.19,1.85,2.09,1.78
E1,28/08/2021,15:00,Millwall,Blackpool,2,1,H,0,0,D,G Ward,18,10,7,3,8,7,14,1,4,3,0,1,1.83,3.5,4.5,1.85,3.5,4.4,1.85,3.45,4.4,1.87,3.55,4.58,1.83,3.3,4.5,1.85,3.4,4.5,1.91,3.62,4.75,1.87,3.47,4.43,2.2,1.66,2.19,1.72,2.35,1.74,2.22,1.67,-0.5,1.89,2.04,1.87,2.02,1.91,2.07,1.86,1.99,1.83,3.5,4.5,1.85,3.5,4.4,1.83,3.45,4.6,1.87,3.53,4.73,1.85,3.25,4.5,1.83,3.5,4.5,1.91,3.58,4.82,1.85,3.45,4.54,2.1,1.72,2.18,1.74,2.29,1.84,2.17,1.69,-0.5,1.9,2.03,1.87,2.04,1.91,2.07,1.85,2
E1,28/08/2021,15:00,Preston,Swansea,3,1,H,2,1,H,T Bramall,11,5,6,2,22,10,3,1,4,1,0,0,2.25,3.3,3.3,2.35,3.3,3.1,2.3,3.25,3.2,2.29,3.37,3.34,2.3,3.1,3.2,2.25,3.25,3.3,2.45,3.4,3.45,2.3,3.29,3.22,2.2,1.66,2.21,1.7,2.27,1.73,2.18,1.69,-0.25,1.99,1.94,1.96,1.93,2.04,1.94,1.96,1.89,2.25,3.3,3.3,2.35,3.1,3.3,2.3,3.15,3.3,2.36,3.11,3.53,2.25,3.1,3.25,2.25,3.25,3.3,2.4,3.36,3.55,2.32,3.16,3.32,2.2,1.66,2.3,1.67,2.35,1.73,2.22,1.66,-0.25,2,1.93,2,1.91,2,1.93,1.96,1.88
E1,28/08/2021,15:00,QPR,Coventry,2,0,H,0,0,D,D Whitestone,13,15,5,4,5,16,5,11,1,1,0,0,2.2,3.3,3.4,2.2,3.25,3.5,2.25,3.3,3.2,2.3,3.33,3.34,2.2,3.2,3.25,2.25,3.3,3.25,2.35,3.42,3.5,2.26,3.31,3.28,2,1.8,2.07,1.81,2.18,1.85,2.05,1.78,-0.25,1.98,1.95,1.97,1.92,1.98,1.97,1.94,1.91,2.15,3.4,3.4,2.2,3.2,3.5,2.25,3.3,3.25,2.25,3.38,3.47,2.2,3.25,3.25,2.2,3.5,3.2,2.31,3.5,3.5,2.23,3.34,3.31,1.9,1.9,1.95,1.93,1.98,2.07,1.9,1.9,-0.25,1.94,1.99,1.93,1.97,1.94,2,1.91,1.94
E1,28/08/2021,20:00,Peterboro,West Brom,0,1,A,0,0,D,J Linington,5,19,1,3,9,10,6,5,2,4,0,0,5.5,3.6,1.66,5,3.7,1.72,4.9,3.65,1.73,5.22,3.69,1.74,5,3.5,1.7,5,3.75,1.7,5.5,3.9,1.78,5.04,3.71,1.72,1.9,1.9,1.9,1.96,2,2.02,1.91,1.91,0.75,1.96,1.97,1.93,1.96,1.96,1.98,1.91,1.93,5,3.9,1.66,5.5,3.7,1.67,4.7,3.8,1.73,5.08,3.89,1.74,5,3.75,1.65,4.75,4,1.67,5.56,4,1.76,4.94,3.83,1.71,1.72,2.1,1.76,2.15,1.86,2.28,1.76,2.07,0.75,1.97,1.96,1.97,1.93,2.01,1.98,1.93,1.91
E1,10/09/2021,20:00,Birmingham,Derby,2,0,H,1,0,H,G Ward,13,7,4,2,19,6,2,2,2,3,0,0,1.85,3.3,4.75,1.87,3.25,4.33,1.9,3.25,4.6,1.91,3.27,4.99,1.78,3.3,4.8,1.85,3.4,4.5,1.96,3.4,5.1,1.89,3.29,4.63,2.37,1.57,2.45,1.6,2.45,1.64,2.36,1.59,-0.5,1.89,2.01,1.91,1.99,1.95,2.06,1.88,1.97,1.95,3.3,4.2,2,3.2,4.2,2,3.15,4.2,2.03,3.24,4.37,1.95,3.1,4.2,2,3.25,4,2.11,3.37,4.6,2,3.21,4.2,2.5,1.53,2.57,1.55,2.57,1.63,2.43,1.55,-0.5,2.04,1.86,2.03,1.88,2.07,1.93,2,1.85
E1,11/09/2021,15:00,Blackburn,Luton,2,2,D,2,0,H,O Langford,11,10,5,4,11,11,1,4,4,5,0,0,2.2,3.3,3.4,2.05,3.4,3.5,2.15,3.35,3.4,2.23,3.37,3.53,2.15,3.2,3.4,2.15,3.4,3.3,2.28,3.46,3.6,2.17,3.34,3.43,1.9,1.9,1.96,1.92,2.01,1.93,1.93,1.88,-0.25,1.89,2.01,1.91,2,1.91,2.06,1.87,1.98,1.9,3.3,4.5,2.05,3.2,4,2,3.35,3.75,2.02,3.47,4.08,2,3.25,3.8,2.1,3.4,3.5,2.34,3.5,4.5,2.06,3.34,3.76,1.9,1.9,2.04,1.85,2.24,1.94,2.01,1.81,-0.25,1.65,2.2,1.73,2.22,1.97,2.26,1.77,2.1
E1,11/09/2021,15:00,Blackpool,Fulham,1,0,H,0,0,D,J Busby,8,17,1,4,12,10,4,4,3,2,0,0,6,4,1.57,5.75,3.9,1.57,5.75,4.1,1.57,6.02,4.14,1.6,5.8,3.8,1.57,6,4,1.55,6.23,4.25,1.63,5.87,4.03,1.58,1.9,1.9,1.95,1.93,2.02,1.96,1.93,1.89,1,1.86,2.04,1.85,2.06,1.9,2.08,1.84,2.01,5.75,3.75,1.61,5.75,4,1.6,5.25,3.95,1.63,5.4,4.02,1.68,5.8,3.7,1.6,5.5,4,1.6,6.4,4.1,1.7,5.43,3.93,1.64,1.8,2,1.81,2.09,1.98,2.13,1.85,1.96,1,1.73,2.08,1.75,2.19,1.87,2.25,1.75,2.12
E1,11/09/2021,15:00,Bournemouth,Barnsley,3,0,H,1,0,H,J Linington,14,2,8,0,10,11,6,0,3,3,0,0,1.83,3.5,4.5,1.83,3.5,4.25,1.9,3.45,4.3,1.93,3.51,4.35,1.85,3.3,4.33,1.85,3.5,4.33,1.95,3.6,4.6,1.89,3.46,4.32,2.1,1.72,2.12,1.77,2.17,1.82,2.08,1.76,-0.5,1.9,2,1.93,1.97,1.95,2.06,1.89,1.97,1.75,3.5,4.75,1.8,3.6,4.6,1.83,3.5,4.6,1.81,3.67,4.88,1.8,3.4,4.6,1.8,3.6,4.5,1.88,3.75,5.02,1.82,3.56,4.58,2,1.8,2.09,1.8,2.1,1.84,2.04,1.78,-0.5,1.75,2.05,1.8,2.11,1.88,2.19,1.81,2.05
E1,11/09/2021,15:00,Bristol City,Preston,0,0,D,0,0,D,T Robinson,10,10,3,2,8,9,8,6,0,1,0,0,2.3,3.2,3.3,2.3,3.2,3.1,2.3,3.2,3.2,2.38,3.25,3.28,2.3,3.1,3.2,2.3,3.3,3.13,2.45,3.3,3.34,2.33,3.22,3.2,2.2,1.66,2.26,1.68,2.27,1.76,2.18,1.69,-0.25,2.01,1.89,2.04,1.88,2.04,1.92,2,1.86,2.4,3.2,3.1,2.25,3.2,3.4,2.45,3,3.25,2.54,2.99,3.34,2.38,3,3.2,2.4,3.1,3.2,2.58,3.28,3.51,2.41,3.06,3.25,2.37,1.57,2.49,1.58,2.49,1.64,2.36,1.59,-0.25,2.13,1.78,2.13,1.8,2.14,1.97,2.06,1.8
E1,11/09/2021,15:00,Coventry,Middlesbrough,2,0,H,0,0,D,L Doughty,12,8,6,5,13,12,7,7,1,3,0,0,2.2,3.3,3.4,2.15,3.2,3.4,2.3,3.2,3.3,2.36,3.26,3.37,2.3,3,3.3,2.25,3.2,3.3,2.36,3.3,3.45,2.28,3.21,3.33,2.3,1.61,2.41,1.62,2.45,1.65,2.33,1.61,-0.25,1.98,1.92,2.01,1.9,2.01,2.02,1.95,1.9,2.15,3.2,3.6,2.3,3.2,3.3,2.35,3.15,3.2,2.21,3.37,3.58,2.3,3,3.3,2.3,3.25,3.2,2.48,3.4,3.6,2.28,3.21,3.33,2.2,1.66,2.26,1.69,2.55,1.72,2.28,1.63,-0.25,1.88,2.02,1.89,2.01,2.05,2.03,1.93,1.91
E1,11/09/2021,15:00,Reading,QPR,3,3,D,1,1,D,G Eltringham,12,22,4,4,13,12,3,6,2,1,0,0,3,3.4,2.37,2.85,3.3,2.4,2.95,3.4,2.35,3.04,3.51,2.42,2.9,3.25,2.38,2.88,3.5,2.38,3.15,3.53,2.46,2.96,3.4,2.38,1.8,2,1.87,2.03,1.9,2.06,1.83,1.99,0.25,1.81,2.09,1.84,2.08,1.84,2.13,1.81,2.05,2.87,3.4,2.4,3,3.4,2.35,2.9,3.4,2.4,3,3.48,2.46,3,3.3,2.3,2.88,3.5,2.38,3.16,3.55,2.48,2.94,3.44,2.38,1.8,2,1.83,2.06,1.85,2.13,1.79,2.03,0.25,1.79,2.11,1.81,2.12,1.89,2.14,1.79,2.06
E1,11/09/2021,15:00,Sheffield United,Peterboro,6,2,H,1,1,D,S Martin,24,7,9,5,1,18,11,3,0,2,0,0,1.66,3.75,5.5,1.65,3.7,5.25,1.63,3.8,5.5,1.65,3.96,5.8,1.63,3.6,5.5,1.62,3.8,5.5,1.73,4,6.03,1.65,3.81,5.5,2,1.8,2.05,1.85,2.16,1.85,2.04,1.79,-0.75,1.87,2.03,1.85,2.06,1.92,2.06,1.85,2.01,1.66,3.5,5.75,1.78,3.5,5,1.7,3.6,5.25,1.73,3.71,5.5,1.7,3.4,5.25,1.73,3.6,5,1.8,3.75,6,1.72,3.6,5.22,2,1.8,2.04,1.85,2.11,1.87,2.02,1.79,-0.75,1.92,1.98,1.96,1.94,2.03,1.98,1.94,1.9
E1,11/09/2021,15:00,Stoke,Huddersfield,2,1,H,0,0,D,J Smith,6,15,2,4,16,8,3,5,2,3,0,0,1.75,3.6,5,1.72,3.6,4.75,1.75,3.5,4.9,1.79,3.57,5.25,1.7,3.4,5.25,1.73,3.6,5,1.82,3.71,5.74,1.76,3.55,5.02,2.1,1.72,2.22,1.71,2.24,1.82,2.14,1.72,-0.75,2.03,1.87,2.05,1.86,2.06,1.93,2,1.86,1.95,3.4,4,1.91,3.5,4.1,1.97,3.3,4.1,1.94,3.48,4.39,1.95,3.3,4,1.91,3.4,4.2,2,3.6,5.2,1.93,3.37,4.28,2.2,1.66,2.23,1.71,2.29,1.73,2.17,1.69,-0.5,1.96,1.94,1.94,1.96,2,2.13,1.92,1.93
E1,11/09/2021,15:00,Swansea,Hull,0,0,D,0,0,D,K Stroud,16,4,4,1,9,11,7,2,1,2,0,0,2.15,3.3,3.5,2.1,3.3,3.4,2.15,3.35,3.4,2.16,3.5,3.57,2.15,3.2,3.4,2.1,3.4,3.5,2.2,3.55,3.6,2.15,3.38,3.44,2.1,1.72,2.12,1.78,2.16,1.85,2.07,1.77,-0.25,1.85,2.05,1.86,2.05,1.89,2.09,1.84,2.01,2.25,3.3,3.3,2.15,3.3,3.6,2.25,3.15,3.35,2.29,3.31,3.46,2.2,3.1,3.4,2.25,3.3,3.25,2.38,3.37,3.6,2.25,3.24,3.36,2.1,1.72,2.19,1.73,2.31,1.75,2.17,1.69,-0.25,1.93,1.97,1.95,1.95,1.98,1.99,1.92,1.92
E1,11/09/2021,15:00,West Brom,Millwall,1,1,D,0,0,D,A Woolmer,11,13,2,4,14,16,4,5,1,3,0,0,1.53,4,6.5,1.57,3.75,6,1.55,4.1,6,1.57,4.09,6.44,1.55,3.75,6.5,1.53,4.1,6,1.6,4.25,6.7,1.56,4.03,6.22,1.9,1.9,1.94,1.94,1.99,1.98,1.92,1.9,-1,2,1.9,2,1.9,2.02,1.94,1.98,1.88,1.55,4,6,1.55,4,6.5,1.6,4.1,5.5,1.62,3.92,6.34,1.55,3.8,6,1.57,4.1,5.75,1.65,4.15,6.5,1.59,3.94,6,1.9,1.9,1.89,1.99,1.94,2.03,1.87,1.94,-1,2.09,1.81,2.09,1.83,2.14,1.9,2.04,1.82
E1,12/09/2021,14:30,Nott'm Forest,Cardiff,1,2,A,1,0,H,D Whitestone,15,22,4,5,9,9,4,4,0,3,0,0,3.1,3.1,2.5,3,3,2.45,2.9,3.05,2.6,3.02,3.11,2.63,2.88,3,2.6,2.9,3.1,2.55,3.1,3.15,2.7,2.96,3.08,2.58,2.3,1.61,2.4,1.61,2.43,1.66,2.33,1.61,0,2.05,1.85,2.1,1.82,2.12,1.89,2.05,1.82,2.5,3.1,3,2.55,3,3,2.55,3,2.95,2.69,3.09,3.02,2.7,2.9,2.8,2.6,3.1,2.9,2.77,3.18,3.08,2.61,3.02,2.97,2.5,1.53,2.57,1.55,2.61,1.61,2.46,1.54,0,1.82,2.08,1.84,2.07,1.89,2.12,1.81,2.06
E1,14/09/2021,19:45,Blackburn,Hull,2,0,H,0,0,D,J Brooks,18,16,6,4,7,11,6,6,1,2,0,0,1.75,3.6,5,1.75,3.6,5,1.75,3.5,5,1.79,3.55,5.28,1.73,3.4,5,1.75,3.6,4.8,1.87,3.72,5.75,1.76,3.53,5,2.1,1.72,2.19,1.74,2.21,1.81,2.11,1.74,-0.75,2.01,1.89,2.05,1.86,2.07,1.92,2,1.85,1.9,3.4,4.2,1.85,3.3,4.75,1.95,3.3,4.2,1.93,3.43,4.5,1.91,3.4,4,1.87,3.5,4.2,2,3.55,4.75,1.93,3.36,4.29,2.1,1.72,2.16,1.75,2.24,1.81,2.11,1.73,-0.5,1.95,1.95,1.93,1.96,1.99,1.98,1.92,1.92
E1,14/09/2021,19:45,Blackpool,Huddersfield,0,3,A,0,0,D,T Bramall,16,13,3,6,11,12,4,3,0,1,0,0,2.6,3.2,2.87,2.7,3.2,2.75,2.6,3.15,2.8,2.65,3.28,2.9,2.55,3.1,2.8,2.55,3.25,2.8,2.78,3.35,2.96,2.62,3.17,2.84,2.2,1.66,2.22,1.71,2.28,1.76,2.18,1.69,0,1.86,2.04,1.87,2.05,1.89,2.06,1.84,2.01,2.62,3.1,2.87,2.6,3.1,2.95,2.65,3.1,2.8,2.7,3.18,2.92,2.7,3,2.75,2.6,3.2,2.8,2.8,3.25,2.97,2.65,3.11,2.84,2.2,1.66,2.24,1.7,2.35,1.74,2.19,1.66,0,1.87,2.03,1.88,2.04,1.94,2.04,1.87,1.98
E1,14/09/2021,19:45,Bournemouth,QPR,2,1,H,2,0,H,K Stroud,10,15,4,6,21,7,3,6,5,3,0,0,1.9,3.6,4,1.85,3.7,4.2,1.95,3.65,3.8,1.94,3.66,4.13,1.88,3.6,3.8,1.87,3.75,3.9,2,3.88,4.33,1.92,3.65,3.95,1.66,2.2,1.68,2.29,1.75,2.29,1.68,2.2,-0.5,1.93,1.97,1.94,1.96,2,2,1.91,1.94,1.8,3.75,4.33,1.8,3.75,4.4,1.83,3.8,4.1,1.83,3.94,4.34,1.85,3.6,4,1.8,4,4,1.88,4.05,4.53,1.82,3.81,4.18,1.61,2.3,1.65,2.34,1.71,2.38,1.64,2.27,-0.5,1.77,2.02,1.83,2.08,1.9,2.12,1.82,2.02
E1,14/09/2021,19:45,Sheffield United,Preston,2,2,D,1,1,D,G Eltringham,13,9,6,4,10,6,2,6,2,1,0,0,1.85,3.3,4.75,1.85,3.5,4.5,1.83,3.35,4.6,1.89,3.37,4.9,1.83,3.3,4.5,1.73,3.3,4.2,1.92,3.62,5,1.85,3.38,4.63,2.2,1.66,2.21,1.72,2.26,1.74,2.19,1.68,-0.5,1.87,2.03,1.89,2.02,1.92,2.07,1.85,2,1.8,3.4,4.75,1.85,3.5,4.5,1.83,3.35,4.6,1.86,3.46,4.9,1.83,3.3,4.6,1.75,3.25,4.2,1.9,3.6,5.02,1.84,3.39,4.66,2.2,1.66,2.26,1.69,2.35,1.71,2.22,1.66,-0.5,1.86,2.04,1.86,2.05,1.88,2.08,1.84,2.01
E1,14/09/2021,20:00,Reading,Peterboro,3,1,H,0,0,D,T Robinson,12,6,6,3,14,6,3,5,0,1,0,0,2.3,3.4,3.1,2.25,3.4,3.2,2.35,3.4,2.95,2.39,3.55,3.05,2.3,3.3,3,2.38,3.4,3,2.44,3.62,3.2,2.34,3.44,3.02,1.9,1.9,1.93,1.95,1.95,2,1.89,1.92,-0.25,2.05,1.85,2.07,1.85,2.08,1.89,2.01,1.84,2,3.5,3.75,2.1,3.6,3.4,2.1,3.55,3.4,2.12,3.61,3.58,2.05,3.4,3.5,2.05,3.6,3.4,2.21,3.72,3.75,2.08,3.56,3.46,1.72,2.1,1.79,2.11,1.85,2.13,1.78,2.05,-0.25,1.81,2.09,1.83,2.09,1.86,2.12,1.81,2.05
E1,14/09/2021,20:00,West Brom,Derby,0,0,D,0,0,D,K Friend,25,4,9,0,8,10,5,4,1,1,0,0,1.53,3.9,6.5,1.55,4,6.5,1.53,4.2,6,1.55,4.15,6.85,1.52,3.9,6.5,1.5,4.2,6.5,1.58,4.3,6.95,1.54,4.08,6.41,1.9,1.9,1.89,1.99,1.97,2.01,1.87,1.94,-1,1.94,1.96,1.95,1.95,2.03,1.99,1.92,1.92,1.45,4.2,7.5,1.45,4.25,7.75,1.5,4.3,6.75,1.48,4.29,8.11,1.44,4,8,1.4,4.33,7.5,1.5,4.5,8.2,1.47,4.25,7.37,1.8,2,1.88,2,1.93,2.07,1.86,1.95,-1,1.81,2.09,1.81,2.12,1.88,2.16,1.81,2.05
E1,15/09/2021,19:45,Birmingham,Fulham,1,4,A,0,2,A,D Webb,18,15,7,10,9,10,10,2,2,1,0,0,3.8,3.3,2.05,4.2,3.2,2,3.9,3.1,2.1,4.12,3.17,2.13,4,3,2.05,3.7,3.25,2.1,4.2,3.3,2.18,3.95,3.14,2.09,2.3,1.61,2.36,1.64,2.36,1.69,2.28,1.63,0.5,1.8,2.1,1.81,2.13,1.83,2.15,1.78,2.09,3.75,3.25,2.1,3.7,3.1,2.2,3.7,3.15,2.15,3.81,3.25,2.18,3.8,3,2.1,3.6,3.3,2.1,4.1,3.31,2.2,3.75,3.18,2.13,2.3,1.61,2.37,1.64,2.41,1.66,2.32,1.61,0.25,2.06,1.84,2.06,1.85,2.08,1.86,2.04,1.81
E1,15/09/2021,19:45,Bristol City,Luton,1,1,D,0,0,D,J Simpson,13,19,2,4,10,17,7,9,1,2,0,0,2.45,3.2,3,2.45,3.1,3.1,2.5,3.1,3,2.57,3.16,3.1,2.45,3.1,3,2.45,3.2,3,2.6,3.32,3.12,2.5,3.14,3.01,2.2,1.66,2.27,1.68,2.29,1.75,2.2,1.68,-0.25,2.08,1.73,2.17,1.76,2.17,1.81,2.12,1.76,2.3,3.1,3.4,2.3,3.2,3.3,2.4,3.05,3.2,2.37,3.24,3.37,2.35,3.1,3.1,2.3,3.2,3.2,2.46,3.26,3.47,2.36,3.15,3.25,2.37,1.57,2.45,1.6,2.51,1.64,2.41,1.56,-0.25,2,1.9,2.01,1.89,2.07,1.97,1.99,1.86
E1,15/09/2021,19:45,Coventry,Cardiff,1,0,H,1,0,H,M Salisbury,11,10,4,1,3,15,7,6,2,1,1,0,2.2,3.3,3.4,2.25,3.25,3.4,2.25,3.15,3.4,2.33,3.18,3.51,2.25,3.2,3.2,2.25,3.3,3.25,2.4,3.36,3.55,2.28,3.19,3.35,2.2,1.66,2.24,1.7,2.25,1.73,2.17,1.69,-0.25,1.97,1.93,1.98,1.93,2,1.94,1.96,1.89,2.1,3.4,3.5,2.25,3.3,3.3,2.2,3.25,3.35,2.25,3.35,3.5,2.2,3.2,3.3,2.2,3.3,3.4,2.3,3.48,3.59,2.22,3.28,3.39,2,1.8,2.01,1.88,2.13,1.88,2.02,1.8,-0.25,1.92,1.98,1.93,1.98,1.96,2.01,1.91,1.94
E1,15/09/2021,19:45,Nott'm Forest,Middlesbrough,0,2,A,0,1,A,A Woolmer,15,13,3,6,14,13,6,7,1,5,0,0,2.9,3.1,2.55,2.95,2.95,2.7,3,2.9,2.6,3.08,2.97,2.73,3,3,2.5,2.9,3,2.63,3.11,3.18,2.8,2.97,2.98,2.64,2.5,1.53,2.51,1.57,2.54,1.63,2.44,1.56,0,2.05,1.85,2.08,1.84,2.1,1.88,2.05,1.82,2.75,3,2.75,2.85,3,2.7,2.7,3,2.8,2.74,3.16,2.88,2.75,3,2.7,2.7,3.1,2.8,2.87,3.3,2.92,2.73,3.06,2.8,2.2,1.66,2.28,1.68,2.48,1.71,2.31,1.62,0,1.88,2.02,1.9,2,1.94,2.06,1.89,1.96
E1,15/09/2021,19:45,Stoke,Barnsley,1,1,D,1,1,D,L Doughty,12,9,7,4,12,12,12,4,1,5,1,0,1.75,3.5,5,1.78,3.5,5,1.8,3.45,4.8,1.81,3.55,5.11,1.78,3.3,4.8,1.8,3.4,4.8,1.86,3.68,5.11,1.8,3.49,4.79,2.2,1.66,2.33,1.66,2.34,1.71,2.23,1.66,-0.5,1.75,2.05,1.8,2.11,1.84,2.12,1.8,2.06,1.61,3.6,6,1.62,3.75,6,1.65,3.6,5.75,1.67,3.75,6.09,1.63,3.5,5.8,1.65,3.7,5.5,1.69,3.81,6.2,1.65,3.66,5.83,2.2,1.66,2.29,1.68,2.35,1.74,2.23,1.66,-0.75,1.86,2.04,1.88,2.03,1.89,2.06,1.85,2
E1,15/09/2021,19:45,Swansea,Millwall,0,0,D,0,0,D,J Busby,12,10,4,4,13,8,7,3,2,3,0,0,2.6,3.1,2.9,2.7,3,2.9,2.65,3.05,2.85,2.74,3.1,2.95,2.6,3.1,2.8,2.6,3.1,2.88,2.77,3.26,3,2.65,3.07,2.88,2.3,1.61,2.45,1.6,2.45,1.65,2.33,1.61,0,1.85,2.05,1.88,2.03,1.88,2.08,1.85,2.02,2.45,3.1,3.1,2.65,2.95,3,2.6,2.95,3,2.57,3.06,3.21,2.5,3,3,2.5,3.1,3,2.65,3.19,3.21,2.56,3.01,3.05,2.5,1.53,2.67,1.52,2.67,1.58,2.56,1.51,-0.25,2.08,1.73,2.16,1.78,2.18,1.81,2.14,1.74
E1,18/09/2021,12:30,Hull,Sheffield United,1,3,A,0,1,A,D Whitestone,10,15,5,8,8,10,6,4,3,2,0,0,3.25,3.3,2.3,3.3,3.3,2.25,3.3,3.2,2.25,3.42,3.24,2.34,3.25,3.2,2.2,3.25,3.3,2.25,3.46,3.34,2.38,3.27,3.24,2.29,2.2,1.66,2.35,1.65,2.35,1.71,2.23,1.66,0.25,1.93,2,1.91,1.99,1.95,2.01,1.89,1.96,3.8,3.4,2,3.7,3.3,2.1,3.65,3.3,2.1,3.82,3.41,2.11,3.7,3.2,2.05,3.7,3.4,2.05,4,3.49,2.29,3.67,3.32,2.1,2.2,1.66,2.25,1.69,2.35,1.72,2.21,1.67,0.25,2.05,1.75,2.11,1.8,2.16,1.97,2.06,1.8
E1,18/09/2021,15:00,Barnsley,Blackburn,0,0,D,0,0,D,A Woolmer,13,3,4,2,9,13,8,1,0,1,0,0,3,3,2.62,2.8,3.2,2.65,2.8,3.1,2.65,2.89,3.14,2.76,2.8,3.1,2.55,2.75,3.2,2.63,3,3.33,2.77,2.83,3.12,2.65,2.2,1.66,2.27,1.69,2.27,1.77,2.19,1.68,0,2.03,1.9,2,1.91,2.04,1.91,2,1.87,3.2,3.1,2.4,3.1,3.1,2.45,3.05,3.1,2.5,3.27,3.09,2.51,3,3,2.45,3,3.2,2.45,3.3,3.2,2.68,3.07,3.08,2.51,2.2,1.66,2.3,1.67,2.35,1.75,2.2,1.66,0.25,1.82,2.11,1.81,2.12,1.86,2.26,1.77,2.11
E1,18/09/2021,15:00,Cardiff,Bournemouth,0,1,A,0,0,D,J Smith,6,16,2,5,6,7,2,5,3,3,0,0,2.9,3.2,2.55,3,3.2,2.45,2.85,3.25,2.5,2.95,3.34,2.57,2.8,3.2,2.5,2.8,3.3,2.55,3,3.4,2.7,2.85,3.27,2.54,2,1.8,2.12,1.78,2.14,1.81,2.06,1.77,0,2.07,1.86,2.1,1.83,2.1,1.88,2.04,1.83,3,3.3,2.4,2.95,3.1,2.55,3,3.2,2.45,3.12,3.36,2.44,3,3.1,2.4,3,3.3,2.4,3.13,3.42,2.58,2.98,3.25,2.45,2,1.8,2.07,1.83,2.24,1.83,2.07,1.76,0.25,1.84,2.09,1.83,2.09,1.85,2.17,1.78,2.1
E1,18/09/2021,15:00,Derby,Stoke,2,1,H,2,0,H,J Simpson,14,13,5,5,10,8,7,6,2,3,0,0,3.1,3.1,2.45,3.1,3.1,2.45,3.1,3.1,2.4,3.25,3.19,2.46,3,3,2.45,3.1,3.1,2.45,3.29,3.25,2.52,3.11,3.13,2.44,2.37,1.57,2.47,1.59,2.47,1.61,2.41,1.57,0.25,1.84,2.09,1.83,2.09,1.86,2.13,1.8,2.07,3.75,3.1,2.15,3.8,3.1,2.15,3.75,3.15,2.1,3.84,3.16,2.22,3.6,3,2.2,3.6,3.13,2.2,3.85,3.23,2.44,3.65,3.09,2.21,2.5,1.53,2.59,1.54,2.66,1.59,2.52,1.52,0.25,2.04,1.89,2.03,1.88,2.06,2.06,1.98,1.87
E1,18/09/2021,15:00,Fulham,Reading,1,2,A,0,1,A,S Martin,25,8,5,4,17,12,9,0,4,3,0,0,1.33,5,9.5,1.4,4.75,8,1.37,5,8.25,1.38,5.15,8.94,1.35,4.75,8.5,1.36,5,8.5,1.41,5.25,9.5,1.37,4.95,8.4,1.66,2.2,1.7,2.24,1.75,2.27,1.69,2.17,-1.25,1.75,2.05,1.81,2.09,1.88,2.13,1.82,2.04,1.33,5.25,8.5,1.33,5.25,9.5,1.37,5.25,7.75,1.34,5.38,9.76,1.32,5,9,1.33,5.25,8.5,1.38,5.7,10,1.34,5.19,8.77,1.57,2.37,1.62,2.41,1.71,2.41,1.61,2.32,-1.5,2.04,1.89,2.03,1.88,2.08,1.94,2,1.85
E1,18/09/2021,15:00,Huddersfield,Nott'm Forest,0,2,A,0,1,A,C Kavanagh,10,8,2,4,9,9,6,5,2,1,0,0,2.05,3.3,3.8,2.1,3.4,3.6,2.05,3.3,3.7,2.09,3.38,3.94,2.05,3.2,3.7,2.05,3.4,3.7,2.16,3.41,3.96,2.08,3.34,3.7,2.2,1.66,2.19,1.73,2.21,1.8,2.14,1.72,-0.5,2.08,1.85,2.09,1.83,2.11,1.88,2.07,1.8,2,3.3,4,2.05,3.3,3.8,2.05,3.25,3.8,2.04,3.41,4.06,2.05,3.2,3.8,2,3.3,3.9,2.13,3.42,4.15,2.04,3.3,3.9,2.3,1.61,2.3,1.67,2.36,1.72,2.25,1.65,-0.5,2.05,1.88,2.04,1.87,2.13,1.91,2.03,1.83
E1,18/09/2021,15:00,Luton,Swansea,3,3,D,3,0,H,T Harrington,16,15,5,3,18,10,5,7,2,1,0,0,2.05,3.25,3.8,2.1,3.4,3.6,2.1,3.35,3.65,2.12,3.4,3.81,2.1,3.2,3.6,2.05,3.4,3.6,2.2,3.45,3.86,2.11,3.33,3.62,2.1,1.72,2.15,1.76,2.23,1.8,2.12,1.73,-0.25,1.86,2.07,1.81,2.11,1.89,2.11,1.81,2.05,2.1,3.25,3.75,2.15,3.2,3.7,2.2,3.15,3.5,2.24,3.23,3.68,2.15,3.1,3.6,2.2,3.3,3.4,2.32,3.38,3.84,2.19,3.21,3.56,2.2,1.66,2.25,1.69,2.35,1.75,2.18,1.68,-0.25,1.91,2.02,1.9,2,1.96,2.09,1.87,1.98
E1,18/09/2021,15:00,Middlesbrough,Blackpool,1,2,A,1,0,H,D Webb,9,11,5,1,9,7,6,6,2,1,0,0,1.83,3.4,4.75,1.85,3.5,4.5,1.83,3.4,4.6,1.85,3.5,4.92,1.8,3.3,4.75,1.8,3.5,4.6,1.9,3.55,5,1.84,3.43,4.61,2.2,1.66,2.23,1.71,2.35,1.72,2.22,1.67,-0.5,1.85,2.08,1.85,2.07,1.88,2.09,1.83,2.03,1.83,3.4,4.75,1.91,3.4,4.25,1.85,3.45,4.4,1.86,3.55,4.76,1.83,3.3,4.5,1.83,3.6,4.33,1.96,3.6,4.84,1.86,3.44,4.5,2,1.8,2.07,1.83,2.22,1.83,2.08,1.75,-0.5,1.86,2.07,1.86,2.05,1.94,2.09,1.85,2.01
E1,18/09/2021,15:00,Millwall,Coventry,1,1,D,1,1,D,K Stroud,17,15,4,3,12,7,8,4,2,0,0,0,2.55,3.1,3,2.55,3.1,3,2.5,3.05,3,2.59,3.12,3.11,2.5,3,3,2.5,3.1,3,2.68,3.36,3.13,2.54,3.09,3,2.3,1.61,2.4,1.62,2.41,1.75,2.31,1.62,0,1.82,2.11,1.79,2.15,1.86,2.15,1.79,2.09,2.45,3.1,3.1,2.55,3.1,3,2.6,3.05,2.95,2.6,3.1,3.13,2.55,3,2.9,2.5,3.2,2.9,2.7,3.25,3.17,2.56,3.08,2.99,2.3,1.61,2.38,1.63,2.4,1.68,2.3,1.62,0,1.8,2.14,1.79,2.15,1.83,2.16,1.79,2.08
E1,18/09/2021,15:00,Peterboro,Birmingham,3,0,H,2,0,H,J Gillett,9,13,2,2,11,16,4,6,2,2,0,1,3.4,3.3,2.2,3.2,3.4,2.25,3.25,3.35,2.25,3.47,3.35,2.27,3.2,3.2,2.25,3.3,3.3,2.25,3.5,3.45,2.36,3.28,3.32,2.25,2.08,1.85,2.12,1.78,2.13,1.86,2.05,1.78,0.25,1.98,1.95,1.96,1.94,1.99,1.98,1.92,1.93,3.6,3.3,2.1,3.4,3.3,2.2,3.5,3.25,2.15,3.44,3.45,2.23,3.5,3.1,2.15,3.5,3.3,2.15,3.69,3.47,2.24,3.49,3.32,2.16,2.1,1.72,2.08,1.81,2.24,1.82,2.08,1.75,0.25,2.06,1.87,1.99,1.92,2.08,1.92,2,1.85
E1,18/09/2021,15:00,Preston,West Brom,1,1,D,1,1,D,A Davies,8,12,2,3,10,12,3,10,1,1,0,0,3.8,3.6,1.95,3.5,3.6,2.05,3.65,3.55,2,3.81,3.61,2.04,3.75,3.5,1.9,3.7,3.6,1.95,3.98,3.69,2.08,3.71,3.53,2,1.97,1.96,1.97,1.92,1.98,1.97,1.91,1.9,0.5,1.89,2.04,1.87,2.04,1.91,2.04,1.85,2,3.75,3.4,1.95,3.9,3.5,1.95,3.7,3.4,2.05,3.92,3.41,2.08,3.75,3.25,2,3.7,3.4,2.05,4.2,3.63,2.1,3.78,3.43,2.02,2.03,1.9,2.06,1.83,2.07,1.95,1.95,1.86,0.5,1.84,2.09,1.83,2.08,1.96,2.1,1.83,2.03
E1,18/09/2021,15:00,QPR,Bristol City,1,2,A,0,1,A,L Doughty,26,9,11,3,13,8,9,4,4,1,0,0,1.83,3.6,4.33,1.87,3.5,4.33,1.83,3.75,4.1,1.84,3.89,4.35,1.8,3.6,4.2,1.83,3.7,4.2,1.88,3.95,4.5,1.84,3.7,4.23,1.9,1.9,1.89,1.99,1.97,2.01,1.88,1.93,-0.5,1.85,2.08,1.84,2.08,1.86,2.09,1.84,2.03,1.7,3.8,5.25,1.75,3.75,4.75,1.73,3.75,4.8,1.73,3.85,5.2,1.75,3.5,4.6,1.73,3.8,4.75,1.93,3.99,5.31,1.74,3.74,4.81,1.87,2.06,1.85,2.04,1.9,2.06,1.85,1.97,-0.5,1.68,2.15,1.72,2.23,1.9,2.23,1.73,2.15
E1,24/09/2021,19:45,Coventry,Peterboro,3,0,H,0,0,D,G Eltringham,16,8,7,2,12,9,4,1,0,1,0,0,1.61,4,5.5,1.62,4,5.5,1.63,3.85,5.5,1.66,4.02,5.57,1.6,3.75,5.8,1.62,3.9,5.5,1.7,4.15,5.85,1.64,3.91,5.44,1.9,1.9,1.97,1.92,2,1.97,1.92,1.89,-0.75,1.84,2.06,1.85,2.06,1.87,2.09,1.83,2.03,1.61,4.1,5.25,1.62,4,5.5,1.63,4,5.25,1.61,4.36,5.53,1.57,3.8,5.8,1.6,4.1,5.5,1.67,4.36,5.95,1.62,4.06,5.39,1.72,2.1,1.73,2.2,1.91,2.2,1.79,2.03,-0.75,1.75,2.05,1.77,2.16,1.81,2.16,1.77,2.08
E1,24/09/2021,20:00,West Brom,QPR,2,1,H,0,1,A,J Linington,18,5,7,4,13,10,8,5,1,1,0,0,1.7,4,4.75,1.72,3.9,4.75,1.7,3.9,4.8,1.69,4.02,5.2,1.66,3.8,4.8,1.67,4,4.8,1.76,4.2,5.2,1.7,3.93,4.83,1.66,2.2,1.68,2.28,1.71,2.33,1.66,2.24,-0.75,1.89,2.01,1.89,2.01,1.92,2.03,1.88,1.97,1.61,4.2,5,1.67,4,5,1.65,4,5,1.68,4.11,5.21,1.63,3.9,5,1.62,4.2,5,1.7,4.31,5.4,1.66,4.05,5,1.61,2.3,1.64,2.36,1.7,2.5,1.63,2.28,-0.75,1.86,2.04,1.87,2.05,1.89,2.09,1.83,2.02
E1,25/09/2021,12:30,Reading,Middlesbrough,1,0,H,0,0,D,P Bankes,13,10,5,2,6,15,2,4,3,3,0,1,3,3.2,2.45,3,3.2,2.5,3,3.2,2.45,3.05,3.26,2.55,2.9,3.1,2.5,2.9,3.3,2.45,3.2,3.41,2.65,2.98,3.21,2.49,2.1,1.72,2.1,1.79,2.19,1.82,2.08,1.75,0.25,1.73,2.08,1.76,2.16,1.8,2.19,1.75,2.11,3.4,3.4,2.15,3.3,3.3,2.25,3.3,3.3,2.25,3.46,3.43,2.24,3.3,3.2,2.2,3.2,3.4,2.2,3.47,3.47,2.65,3.28,3.31,2.25,2,1.8,2.02,1.88,2.15,1.91,1.99,1.82,0.25,1.96,1.94,1.99,1.92,2,2.17,1.92,1.93
E1,25/09/2021,15:00,Birmingham,Preston,0,0,D,0,0,D,M Donohue,6,9,2,2,10,13,5,8,1,3,0,0,2.05,3.2,4,2.1,3.3,3.7,2.1,3.2,3.75,2.12,3.27,4,2.05,3.2,3.75,2.05,3.3,3.8,2.2,3.38,4.01,2.1,3.26,3.75,2.3,1.61,2.33,1.65,2.38,1.67,2.3,1.62,-0.25,1.73,2.08,1.79,2.12,1.83,2.14,1.79,2.07,2.45,3.2,3,2.45,3.2,3,2.5,3.1,2.95,2.48,3.32,3.09,2.3,3.1,3.2,2.3,3.2,3.25,2.55,3.35,3.9,2.41,3.18,3.11,2.3,1.61,2.33,1.65,2.38,1.66,2.29,1.61,-0.25,2.13,1.78,2.12,1.81,2.23,2.05,2.06,1.81
E1,25/09/2021,15:00,Blackburn,Cardiff,5,1,H,3,0,H,K Stroud,17,11,10,5,7,9,2,6,0,2,0,0,2.25,3.4,3.2,2.35,3.3,3.1,2.3,3.3,3.1,2.36,3.38,3.24,2.3,3.2,3.1,2.3,3.4,3.1,2.42,3.5,3.26,2.32,3.34,3.12,2,1.8,2.09,1.81,2.11,1.85,2.05,1.78,-0.25,2.02,1.88,2.03,1.88,2.04,1.89,2,1.86,2.3,3.4,3.1,2.35,3.3,3.1,2.35,3.25,3.15,2.45,3.26,3.2,2.3,3.2,3.1,2.3,3.3,3.1,2.46,3.43,3.3,2.35,3.25,3.12,2.1,1.72,2.15,1.76,2.21,1.81,2.11,1.72,-0.25,2.07,1.83,2.09,1.83,2.09,1.88,2.02,1.84
E1,25/09/2021,15:00,Blackpool,Barnsley,1,0,H,1,0,H,S Martin,13,13,6,4,17,13,6,4,1,3,0,0,2.4,3.3,3,2.5,3.25,2.95,2.45,3.2,2.95,2.53,3.3,3.05,2.45,3.1,3,2.4,3.25,3,2.62,3.33,3.09,2.48,3.24,2.96,2.3,1.61,2.3,1.67,2.33,1.69,2.26,1.65,0,1.7,2.1,1.79,2.15,1.82,2.17,1.77,2.11,2.37,3.3,3.1,2.3,3.25,3.25,2.4,3.15,3.15,2.46,3.25,3.19,2.4,3,3.1,2.38,3.25,3.1,2.46,3.3,3.35,2.38,3.19,3.15,2.1,1.72,2.2,1.73,2.35,1.76,2.2,1.67,-0.25,2.08,1.82,2.1,1.83,2.11,1.88,2.04,1.82
E1,25/09/2021,15:00,Bournemouth,Luton,2,1,H,2,0,H,T Robinson,6,10,2,3,12,9,4,7,2,0,0,0,1.57,4.33,5.5,1.62,4,5.5,1.65,3.9,5.25,1.67,4.08,5.38,1.63,3.75,5.25,1.62,4,5.25,1.69,4.33,5.52,1.64,3.99,5.25,1.85,2,1.85,2.05,1.9,2.06,1.84,1.99,-0.75,1.85,2.05,1.86,2.05,1.87,2.11,1.83,2.03,1.6,4,6,1.62,4,5.5,1.6,3.9,5.75,1.61,4.1,6.05,1.6,3.75,5.5,1.6,4,5.5,1.65,4.2,6.05,1.61,3.99,5.56,1.8,2,1.85,2.04,1.9,2.08,1.82,1.98,-1,2.04,1.86,2.06,1.85,2.14,1.87,2.06,1.8
E1,25/09/2021,15:00,Bristol City,Fulham,1,1,D,0,0,D,S Hooper,14,22,5,5,7,11,3,7,1,3,0,0,5,3.6,1.75,4.75,3.5,1.8,4.8,3.6,1.75,5.18,3.69,1.76,5,3.5,1.72,4.75,3.75,1.73,5.18,3.78,1.84,4.78,3.62,1.77,2,1.85,2.03,1.86,2.03,1.94,1.97,1.85,0.75,1.91,1.99,1.92,1.99,1.93,2.06,1.86,1.99,5.5,3.9,1.61,5.5,4,1.62,5.5,3.85,1.63,5.77,4.09,1.63,5.5,3.75,1.63,5.5,4,1.6,5.9,4.2,1.8,5.42,3.93,1.63,1.8,2,1.88,2.02,1.95,2.06,1.86,1.95,0.75,2.05,1.75,2.12,1.79,2.17,1.99,2.07,1.79
E1,25/09/2021,15:00,Nott'm Forest,Millwall,1,1,D,0,1,A,J Simpson,10,12,3,2,10,12,3,4,2,3,0,0,2.5,3.1,3.1,2.6,3,3,2.45,3.05,3.1,2.52,3.11,3.24,2.45,3,3.1,2.5,3.1,3,2.7,3.15,3.24,2.52,3.06,3.08,2.37,1.57,2.5,1.58,2.55,1.63,2.42,1.57,0,1.68,2.15,1.72,2.22,1.84,2.25,1.74,2.16,2.45,3,3.2,2.4,3,3.3,2.5,2.9,3.2,2.58,2.93,3.35,2.4,2.9,3.2,2.45,3.1,3.13,2.7,3.1,3.47,2.48,2.95,3.23,2.5,1.53,2.59,1.54,2.69,1.63,2.5,1.52,-0.25,2.11,1.79,2.15,1.79,2.22,1.86,2.09,1.78
E1,25/09/2021,15:00,Sheffield United,Derby,1,0,H,0,0,D,D Webb,17,9,2,4,9,5,11,1,1,1,0,1,1.61,3.75,6,1.62,3.75,6,1.6,3.7,6.5,1.65,3.73,6.43,1.63,3.6,5.5,1.62,3.8,5.75,1.69,3.88,6.5,1.64,3.72,5.94,2.1,1.72,2.16,1.75,2.16,1.86,2.1,1.75,-0.75,1.83,2.07,1.84,2.08,1.87,2.11,1.82,2.05,1.57,3.8,6,1.6,3.8,6,1.6,3.8,6.25,1.64,3.86,6.19,1.6,3.7,5.8,1.6,3.9,5.75,1.68,4,6.7,1.61,3.8,6.05,2,1.8,2.08,1.82,2.11,1.86,2.03,1.78,-1,2.02,1.77,2.14,1.78,2.18,1.88,2.08,1.78
E1,25/09/2021,15:00,Stoke,Hull,2,0,H,1,0,H,T Bramall,10,12,5,4,11,14,1,5,2,0,0,0,1.57,3.8,6.5,1.6,3.8,6.25,1.6,3.75,6,1.62,3.86,6.51,1.57,3.7,6,1.57,3.9,6,1.65,4.2,6.6,1.6,3.82,6.09,2.2,1.66,2.19,1.74,2.21,1.76,2.15,1.71,-1,2.1,1.8,2.18,1.75,2.18,1.83,2.11,1.78,1.75,3.5,5,1.8,3.4,5,1.8,3.4,4.9,1.81,3.53,5.12,1.67,3.5,5.5,1.75,3.6,4.8,1.85,4.2,6.25,1.78,3.49,4.94,2.2,1.66,2.25,1.69,2.31,1.74,2.19,1.68,-0.75,2.07,1.83,2.09,1.83,2.12,2.1,2.03,1.83
E1,25/09/2021,15:00,Swansea,Huddersfield,1,0,H,1,0,H,G Ward,7,5,6,0,14,18,3,2,2,2,0,0,2.5,3.2,3,2.6,3,3,2.55,3.1,2.95,2.65,3.16,3,2.55,3.1,2.8,2.5,3.2,2.9,2.68,3.3,3.11,2.55,3.13,2.97,2.3,1.61,2.33,1.66,2.34,1.72,2.26,1.65,0,1.78,2.13,1.83,2.08,1.83,2.17,1.78,2.1,2.15,3.3,3.5,2.2,3.3,3.4,2.2,3.25,3.4,2.23,3.39,3.51,2.3,3.1,3.2,2.3,3.3,3.2,2.55,3.44,3.57,2.25,3.28,3.33,2.2,1.66,2.22,1.71,2.3,1.72,2.2,1.67,-0.25,1.89,2.01,1.91,1.99,2.15,2.04,1.92,1.93
E1,28/09/2021,19:45,Cardiff,West Brom,0,4,A,0,1,A,G Scott,6,11,0,6,14,10,4,6,1,1,0,0,4.33,3.5,1.85,4.2,3.5,1.9,4.1,3.45,1.95,4.37,3.59,1.92,4.2,3.3,1.88,4.1,3.5,1.9,4.4,3.63,2,4.17,3.48,1.92,2.02,1.83,2.05,1.85,2.07,1.87,2,1.82,0.5,1.99,1.91,1.99,1.92,2,1.96,1.94,1.92,4.2,3.5,1.9,4,3.5,1.95,3.9,3.5,1.95,4.12,3.57,1.97,3.8,3.3,2,3.9,3.6,1.93,4.27,3.62,2.02,3.94,3.5,1.96,1.9,1.9,2.05,1.85,2.06,1.93,1.96,1.85,0.5,1.95,1.95,1.93,1.97,1.99,2,1.9,1.96
E1,28/09/2021,19:45,Huddersfield,Blackburn,3,2,H,1,0,H,J Simpson,13,13,8,3,6,5,5,3,2,0,0,0,2.55,3.3,2.8,2.6,3.25,2.8,2.6,3.2,2.8,2.63,3.34,2.87,2.55,3.1,2.8,2.6,3.3,2.75,2.72,3.35,3,2.59,3.25,2.82,2,1.8,2.03,1.86,2.05,1.9,1.98,1.83,0,1.88,2.02,1.87,2.04,1.9,2.1,1.85,2.02,2.5,3.25,2.87,2.6,3.25,2.8,2.6,3.15,2.8,2.62,3.24,2.96,2.62,3.1,2.7,2.6,3.3,2.75,2.75,3.33,3.01,2.6,3.2,2.83,2,1.8,2.04,1.86,2.12,1.91,2.01,1.8,0,1.81,2.09,1.84,2.08,1.9,2.13,1.84,2.03
E1,28/09/2021,19:45,Hull,Blackpool,1,1,D,0,1,A,M Donohue,15,10,3,3,8,14,9,3,1,2,1,0,2.25,3.2,3.4,2.2,3.25,3.5,2.25,3.2,3.35,2.35,3.2,3.45,2.25,3.1,3.3,2.25,3.25,3.3,2.4,3.3,3.5,2.28,3.2,3.35,2.2,1.66,2.28,1.68,2.28,1.78,2.17,1.7,-0.25,1.97,1.93,1.99,1.92,1.99,1.97,1.95,1.91,2.25,3.2,3.4,2.3,3.2,3.3,2.3,3.15,3.25,2.37,3.3,3.31,2.25,3.1,3.25,2.3,3.3,3.1,2.43,3.35,3.47,2.32,3.21,3.25,2,1.8,2.1,1.79,2.29,1.84,2.13,1.72,-0.25,2.03,1.87,2.02,1.88,2.09,1.89,2,1.86
E1,28/09/2021,19:45,Middlesbrough,Sheffield United,2,0,H,2,0,H,J Linington,9,13,4,4,9,6,4,7,4,2,0,0,3,3.1,2.55,3,3,2.6,2.95,3,2.6,3.08,3.05,2.67,2.9,3,2.55,3,3.1,2.5,3.15,3.13,2.69,3,3.04,2.57,2.5,1.53,2.57,1.55,2.57,1.64,2.39,1.57,0,2.07,1.83,2.1,1.82,2.17,1.85,2.09,1.78,3.2,3.1,2.45,3,3.2,2.45,3.1,3.15,2.4,3.18,3.28,2.45,3,3,2.45,3,3.25,2.4,3.25,3.3,2.55,3.1,3.18,2.43,2.1,1.72,2.23,1.71,2.55,1.75,2.22,1.66,0.25,1.83,2.07,1.83,2.09,1.87,2.12,1.81,2.06
E1,28/09/2021,19:45,Preston,Stoke,1,1,D,1,1,D,J Brooks,9,21,2,5,8,13,1,6,2,4,0,0,2.7,3.1,2.8,2.85,3,2.7,2.7,3.05,2.75,2.79,3.11,2.88,2.7,3,2.7,2.7,3.2,2.7,2.88,3.2,2.9,2.75,3.07,2.78,2.3,1.61,2.37,1.64,2.38,1.68,2.28,1.63,0,1.92,1.98,1.92,1.98,1.96,2.01,1.92,1.95,2.62,3.1,2.87,2.7,3,2.9,2.65,3,2.95,2.72,3.05,3.02,2.6,3,2.87,2.55,3.2,2.88,2.78,3.2,3.08,2.66,3.02,2.91,2.3,1.61,2.36,1.64,2.38,1.68,2.3,1.61,0,1.86,2.04,1.85,2.06,1.88,2.11,1.84,2.03
E1,28/09/2021,19:45,QPR,Birmingham,2,0,H,1,0,H,M Salisbury,12,13,5,0,9,10,1,4,1,1,0,0,1.95,3.6,3.8,1.95,3.6,3.9,1.97,3.45,3.8,2.01,3.55,4,2,3.25,3.75,1.95,3.6,3.7,2.08,3.6,4,1.99,3.5,3.8,1.93,1.93,1.93,1.96,1.95,1.97,1.89,1.91,-0.5,2.03,1.87,2.01,1.89,2.07,1.9,2,1.86,2.05,3.4,3.6,2.1,3.4,3.6,2.15,3.35,3.45,2.22,3.35,3.59,2.1,3.25,3.5,2.15,3.5,3.3,2.22,3.55,3.7,2.15,3.37,3.46,1.9,1.9,1.93,1.96,1.99,2,1.88,1.92,-0.25,1.88,2.02,1.9,2.01,1.92,2.06,1.86,2
E1,29/09/2021,19:45,Barnsley,Nott'm Forest,1,3,A,1,0,H,G Eltringham,8,12,3,7,13,6,2,6,1,0,0,0,2.4,3,3.25,2.5,2.95,3.25,2.5,2.95,3.2,2.54,2.96,3.38,2.45,3,3.1,2.45,3.1,3.1,2.56,3.13,3.4,2.48,2.98,3.2,2.37,1.57,2.52,1.57,2.52,1.65,2.39,1.58,-0.25,2.1,1.8,2.12,1.81,2.13,1.85,2.09,1.79,2.45,3,3.2,2.4,3,3.3,2.4,3,3.25,2.51,3.09,3.29,2.45,2.9,3.2,2.45,3.1,3.1,2.58,3.16,3.47,2.45,3.02,3.21,2.5,1.53,2.54,1.56,2.6,1.61,2.45,1.55,-0.25,2.1,1.8,2.11,1.81,2.14,1.84,2.07,1.79
E1,29/09/2021,19:45,Derby,Reading,1,0,H,1,0,H,J Busby,14,16,5,7,10,10,2,4,4,0,0,0,2.25,3.2,3.4,2.35,3.1,3.3,2.6,3.15,2.85,2.32,3.25,3.46,2.25,3.1,3.25,2.3,3.3,3.2,2.4,3.34,3.47,2.31,3.19,3.3,2.2,1.66,2.23,1.71,2.28,1.72,2.21,1.67,-0.25,1.99,1.91,1.97,1.93,2.04,1.95,1.97,1.89,2.15,3.3,3.5,2.2,3.3,3.4,2.2,3.3,3.3,2.14,3.5,3.63,2.2,3.1,3.4,2.15,3.4,3.4,2.25,3.5,3.63,2.17,3.35,3.43,1.9,1.9,1.97,1.92,2.08,2.05,1.96,1.85,-0.25,1.84,2.06,1.85,2.07,1.9,2.09,1.85,2
E1,29/09/2021,19:45,Fulham,Swansea,3,1,H,3,1,H,J Smith,10,7,7,1,16,7,3,4,0,1,0,0,1.36,4.75,8.5,1.44,4.6,7.25,1.4,4.8,7.5,1.43,4.77,8.24,1.38,4.33,8.5,1.36,4.8,9,1.46,4.9,9,1.4,4.67,7.98,1.72,2.1,1.73,2.2,1.76,2.24,1.72,2.14,-1.25,1.9,2,1.91,2,1.98,2.04,1.89,1.97,1.36,4.75,8.5,1.36,5,8.5,1.4,4.8,7.5,1.41,4.85,8.56,1.36,4.5,8.5,1.4,4.75,7.5,1.45,5,9,1.4,4.76,7.99,1.72,2.1,1.75,2.17,1.82,2.21,1.72,2.13,-1.25,1.95,1.95,1.95,1.95,1.99,2,1.91,1.94
E1,29/09/2021,19:45,Luton,Coventry,5,0,H,4,0,H,S Martin,21,6,9,1,12,8,5,7,0,2,0,0,2.7,3.2,2.7,2.7,3.1,2.8,2.7,3.15,2.7,2.76,3.23,2.81,2.7,3,2.7,2.7,3.2,2.7,2.8,3.26,2.85,2.7,3.16,2.74,2.1,1.72,2.17,1.75,2.25,1.76,2.16,1.7,0,1.95,1.95,1.93,1.97,1.98,1.97,1.92,1.94,2.87,3.1,2.6,2.9,3.1,2.6,2.8,3.2,2.6,2.91,3.24,2.66,2.75,3.1,2.62,2.8,3.3,2.55,3,3.3,2.75,2.82,3.18,2.62,2,1.8,2.06,1.84,2.13,1.87,2.03,1.79,0,2.03,1.87,2.05,1.87,2.06,1.9,2,1.85
E1,29/09/2021,19:45,Millwall,Bristol City,1,0,H,0,0,D,D Whitestone,12,11,4,1,8,11,4,6,1,2,0,0,2.05,3.2,4,2.05,3.2,4,2.1,3.2,3.85,2.11,3.2,4.12,2.05,3.1,3.8,2.1,3.3,3.7,2.18,3.3,4.2,2.1,3.18,3.85,2.3,1.61,2.36,1.64,2.38,1.72,2.27,1.64,-0.25,1.82,2.08,1.79,2.13,1.84,2.14,1.79,2.08,1.85,3.5,4.33,1.9,3.4,4.4,1.9,3.35,4.3,1.94,3.4,4.54,1.85,3.3,4.33,1.91,3.4,4.2,1.98,3.59,4.6,1.92,3.35,4.34,2.3,1.61,2.36,1.64,2.38,1.67,2.3,1.62,-0.5,1.92,1.98,1.94,1.96,1.96,1.99,1.92,1.93
E1,29/09/2021,19:45,Peterboro,Bournemouth,0,0,D,0,0,D,A Woolmer,4,11,1,3,12,14,4,6,1,0,0,0,5.25,3.75,1.66,5,3.75,1.72,4.8,3.65,1.73,5.17,3.76,1.75,5,3.5,1.7,5,3.8,1.7,5.25,3.82,1.8,4.9,3.7,1.73,1.9,1.9,1.9,1.99,1.92,2.05,1.87,1.95,0.75,1.94,1.96,1.93,1.97,1.99,1.98,1.91,1.94,5,3.9,1.66,5,4.1,1.65,4.9,3.9,1.7,5.15,4.02,1.7,5,3.7,1.67,5,4,1.65,5.3,4.1,1.72,4.95,3.92,1.68,1.8,2,1.83,2.05,1.9,2.11,1.8,2.01,0.75,2.02,1.88,2.02,1.89,2.06,1.91,1.99,1.86
E1,01/10/2021,19:45,Stoke,West Brom,1,0,H,0,0,D,T Robinson,11,11,6,2,11,15,1,5,2,2,0,0,3.5,3.2,2.2,3.6,3.1,2.2,3.45,3.15,2.25,3.61,3.21,2.28,3.4,3.1,2.2,3.4,3.3,2.2,3.67,3.35,2.32,3.49,3.19,2.23,2.1,1.72,2.19,1.74,2.22,1.76,2.15,1.71,0.25,1.96,1.94,1.97,1.93,2,1.97,1.94,1.91,3.4,3.2,2.25,3.6,3.1,2.2,3.35,3.15,2.25,3.49,3.18,2.34,3.25,3.1,2.25,3.4,3.3,2.2,3.77,3.32,2.36,3.38,3.17,2.26,2.2,1.66,2.25,1.69,2.29,1.77,2.16,1.69,0.25,1.9,2,1.92,1.98,1.97,2.02,1.9,1.95
E1,02/10/2021,12:30,Coventry,Fulham,4,1,H,0,1,A,G Ward,14,12,5,1,11,11,7,7,1,3,0,0,3.75,3.5,2,3.8,3.7,1.95,3.7,3.6,1.97,3.82,3.67,2.02,3.7,3.5,1.95,3.75,3.6,1.95,3.87,3.75,2.04,3.71,3.6,1.99,1.9,1.9,1.97,1.92,2.01,1.96,1.94,1.88,0.5,1.89,2.01,1.88,2.02,1.91,2.02,1.86,1.99,3.7,3.7,1.95,3.75,3.7,1.95,3.65,3.55,2,3.83,3.78,1.99,3.7,3.5,1.95,3.7,3.7,1.95,4.11,3.79,2.03,3.69,3.64,1.97,1.8,2,1.85,2.04,1.9,2.17,1.79,2.03,0.5,1.92,1.98,1.92,1.99,1.94,2.01,1.87,1.98
E1,02/10/2021,15:00,Barnsley,Millwall,0,1,A,0,0,D,D Webb,14,17,3,7,10,5,5,8,2,1,0,0,3,3.1,2.5,2.95,3,2.65,2.9,3.05,2.6,3,3.1,2.69,2.9,2.9,2.6,2.9,3.1,2.6,3.05,3.12,2.7,2.95,3.03,2.62,2.5,1.53,2.57,1.55,2.6,1.62,2.51,1.53,0,2.07,1.83,2.07,1.85,2.13,1.85,2.06,1.82,3.1,3,2.5,3,3,2.6,2.95,3,2.6,3.02,3.07,2.69,3,2.9,2.55,2.9,3.1,2.55,3.18,3.1,2.7,2.99,3.02,2.58,2.5,1.53,2.48,1.58,2.57,1.6,2.44,1.54,0,2.05,1.85,2.07,1.85,2.14,1.87,2.07,1.8
E1,02/10/2021,15:00,Birmingham,Nott'm Forest,0,3,A,0,2,A,K Stroud,18,12,9,7,15,11,6,4,1,3,0,0,2.15,3.2,3.6,2.2,3.1,3.6,2.2,3.1,3.55,2.23,3.24,3.67,2.2,3,3.6,2.15,3.2,3.6,2.28,3.25,3.77,2.19,3.16,3.61,2.3,1.61,2.41,1.62,2.45,1.62,2.37,1.59,-0.25,1.87,2.03,1.9,2.01,1.9,2.06,1.86,2,2.15,3.25,3.6,2.25,3,3.7,2.2,3.05,3.6,2.3,3.19,3.57,2.2,3,3.5,2.2,3.1,3.6,2.3,3.31,3.85,2.22,3.1,3.56,2.5,1.53,2.64,1.53,2.66,1.57,2.53,1.51,-0.25,1.94,1.96,1.95,1.95,1.95,2.03,1.9,1.95
E1,02/10/2021,15:00,Blackpool,Blackburn,2,1,H,2,0,H,J Smith,8,16,3,6,13,8,2,9,3,1,0,0,3,3.3,2.45,2.95,3.3,2.45,2.95,3.25,2.45,3.03,3.32,2.52,2.9,3.2,2.4,2.9,3.3,2.45,3.04,3.51,2.55,2.93,3.3,2.47,2,1.8,2,1.88,2.06,1.9,1.98,1.84,0.25,1.78,2.13,1.79,2.15,1.8,2.15,1.77,2.11,2.37,3.4,3,2.45,3.4,2.9,2.4,3.35,2.95,2.48,3.43,3.01,2.37,3.25,2.9,2.4,3.4,2.9,2.55,3.52,3.05,2.43,3.35,2.9,1.8,2,1.9,1.99,1.95,2.04,1.87,1.92,-0.25,2.11,1.79,2.13,1.8,2.17,1.84,2.1,1.77
E1,02/10/2021,15:00,Bournemouth,Sheffield United,2,1,H,0,0,D,R Jones,11,8,7,1,13,9,4,7,3,2,0,0,1.95,3.5,3.9,1.91,3.6,4,1.97,3.4,3.85,2.05,3.5,3.9,1.95,3.4,3.8,1.95,3.5,3.9,2.08,3.6,4,2,3.44,3.84,2.1,1.72,2.1,1.79,2.16,1.83,2.07,1.76,-0.5,2,1.9,2.05,1.86,2.05,1.97,2,1.86,2.2,3.3,3.4,2.25,3.3,3.3,2.15,3.3,3.5,2.2,3.4,3.58,2.1,3.2,3.5,2.2,3.3,3.4,2.26,3.48,3.66,2.18,3.3,3.44,2,1.8,2.09,1.8,2.24,1.87,2.05,1.76,-0.25,1.87,2.03,1.88,2.02,1.92,2.06,1.86,1.99
E1,02/10/2021,15:00,Cardiff,Reading,0,1,A,0,1,A,T Bramall,27,2,5,1,18,5,7,2,4,0,0,0,2,3.4,3.8,2.05,3.4,3.7,2,3.5,3.7,2.01,3.67,3.85,2,3.4,3.6,2,3.5,3.7,2.1,3.72,3.88,2.01,3.53,3.68,1.9,1.9,1.95,1.93,2,1.94,1.94,1.88,-0.5,2.01,1.89,2.01,1.89,2.05,1.91,2.01,1.86,2,3.5,3.75,1.95,3.5,3.9,2,3.45,3.7,2.04,3.55,3.91,2,3.4,3.7,2.05,3.5,3.6,2.08,3.65,3.95,2.01,3.48,3.74,1.9,1.9,1.96,1.93,1.99,1.96,1.92,1.87,-0.5,2.04,1.86,2.04,1.87,2.08,1.89,2.02,1.84
E1,02/10/2021,15:00,Derby,Swansea,0,0,D,0,0,D,A Madley,6,15,5,2,11,10,0,4,3,0,0,0,2.45,3.1,3.1,2.55,3.1,2.95,2.5,3.05,3.05,2.54,3.14,3.17,2.5,3,3,2.5,3.1,3,2.6,3.22,3.19,2.52,3.09,3.03,2.37,1.57,2.48,1.59,2.5,1.61,2.41,1.57,0,1.78,2.13,1.75,2.19,1.81,2.19,1.77,2.12,2.5,3,3.1,2.4,3.1,3.2,2.55,3,3.05,2.65,3.06,3.1,2.4,3.1,3,2.55,3.1,2.9,2.65,3.2,3.25,2.54,3.01,3.04,2.5,1.53,2.48,1.59,2.57,1.61,2.43,1.55,0,1.81,2.09,1.81,2.12,1.85,2.23,1.78,2.1
E1,02/10/2021,15:00,Hull,Middlesbrough,2,0,H,0,0,D,A Davies,9,17,2,4,14,9,1,1,1,3,0,0,3,3.2,2.45,3.1,3.2,2.4,3.05,3.1,2.45,3.16,3.19,2.52,3,3.1,2.4,3,3.2,2.45,3.21,3.28,2.55,3.04,3.17,2.47,2.3,1.61,2.42,1.61,2.43,1.65,2.32,1.61,0.25,1.79,2.11,1.79,2.14,1.82,2.21,1.77,2.11,2.9,3.2,2.5,3.1,3.2,2.4,3,3.1,2.5,3.11,3.29,2.49,3,3,2.45,3,3.2,2.45,3.15,3.3,2.56,3.02,3.17,2.46,2.2,1.66,2.32,1.66,2.38,1.7,2.26,1.63,0.25,1.8,2.1,1.81,2.12,1.82,2.19,1.77,2.1
E1,02/10/2021,15:00,Luton,Huddersfield,0,0,D,0,0,D,L Doughty,14,9,3,2,10,14,6,4,2,3,0,0,2.1,3.3,3.75,2.1,3.4,3.6,2.15,3.35,3.45,2.16,3.44,3.65,2.1,3.3,3.4,2.1,3.4,3.5,2.2,3.57,3.75,2.13,3.41,3.49,2,1.8,2.04,1.86,2.07,1.91,2,1.83,-0.25,1.85,2.05,1.85,2.06,1.89,2.08,1.84,2.03,1.9,3.5,4,1.83,3.7,4.33,1.9,3.55,4,1.93,3.64,4.2,1.9,3.4,4,1.9,3.6,4,2.1,3.7,4.33,1.94,3.53,3.96,1.9,1.9,2.02,1.88,2.03,1.91,1.97,1.83,-0.5,1.92,1.98,1.93,1.97,1.97,2.02,1.93,1.92
E1,02/10/2021,15:00,Peterboro,Bristol City,2,3,A,2,2,D,D Coote,15,15,3,7,13,9,5,10,1,1,0,0,2.5,3.3,2.87,2.5,3.3,2.85,2.55,3.2,2.8,2.65,3.27,2.91,2.5,3.2,2.8,2.55,3.25,2.8,2.68,3.46,2.91,2.56,3.27,2.83,2,1.8,2.13,1.78,2.13,1.86,2.04,1.78,0,1.86,2.04,1.86,2.05,1.87,2.08,1.84,2.03,2.37,3.3,3,2.4,3.3,3,2.4,3.25,3.05,2.46,3.37,3.08,2.4,3.2,2.9,2.4,3.4,2.9,2.52,3.45,3.13,2.42,3.28,2.99,2,1.8,2.06,1.84,2.2,1.85,2.04,1.76,-0.25,2.09,1.81,2.11,1.82,2.12,1.84,2.07,1.79
E1,02/10/2021,15:00,QPR,Preston,3,2,H,1,1,D,J Simpson,19,11,9,5,12,11,7,3,1,0,0,0,2.05,3.6,3.5,2.1,3.4,3.6,2.1,3.45,3.5,2.13,3.55,3.62,2.05,3.4,3.5,2.1,3.5,3.4,2.16,3.6,3.68,2.11,3.46,3.5,1.9,1.9,1.96,1.93,2,1.94,1.94,1.88,-0.25,1.83,2.07,1.83,2.08,1.86,2.1,1.83,2.04,1.9,3.6,3.9,1.91,3.75,3.8,1.95,3.55,3.75,1.98,3.75,3.89,1.95,3.5,3.7,1.93,3.6,3.9,2.05,3.79,4,1.96,3.63,3.75,1.72,2.1,1.78,2.12,1.88,2.14,1.78,2.03,-0.5,1.95,1.95,1.98,1.93,2,1.99,1.96,1.89
E1,15/10/2021,20:00,West Brom,Birmingham,1,0,H,0,0,D,J Simpson,11,10,3,1,11,12,8,2,3,0,0,0,1.61,4,5.5,1.58,4.2,5.5,1.67,3.85,5,1.67,4.05,5.39,1.6,3.8,5.5,1.65,3.9,5.25,1.69,4.05,5.54,1.65,3.92,5.25,1.88,1.98,1.93,1.96,1.96,2,1.89,1.93,-0.75,1.87,2.03,1.87,2.04,1.89,2.07,1.83,2.03,1.55,4,6.5,1.58,4.2,5.5,1.6,3.95,5.75,1.59,4.13,6.26,1.55,3.8,6.5,1.55,3.9,6.5,1.64,4.2,6.8,1.58,3.95,6.02,2.1,1.72,2.13,1.78,2.24,1.85,2.07,1.76,-1,2.06,1.84,2.07,1.85,2.16,1.86,2.05,1.81
E1,16/10/2021,12:30,Fulham,QPR,4,1,H,1,0,H,O Langford,16,7,7,1,9,12,7,2,0,4,0,0,1.6,4.2,5.25,1.6,4.4,5,1.63,4.1,4.9,1.65,4.24,5.24,1.6,4,5.25,1.62,4.2,5,1.68,4.53,5.25,1.64,4.2,4.92,1.57,2.37,1.59,2.47,1.59,2.5,1.56,2.41,-1,2.08,1.82,2.14,1.78,2.14,1.85,2.08,1.79,1.61,4.2,5,1.6,4.4,5,1.63,4,5,1.65,4.19,5.35,1.6,4,5.25,1.65,4.2,4.75,1.72,4.46,5.52,1.65,4.11,4.9,1.61,2.3,1.64,2.36,1.66,2.5,1.59,2.34,-0.75,1.83,2.07,1.83,2.09,1.88,2.09,1.82,2.04
E1,16/10/2021,15:00,Blackburn,Coventry,2,2,D,2,0,H,M Donohue,10,9,6,4,9,15,4,5,2,2,0,0,2.8,3.25,2.6,2.65,3.3,2.65,2.75,3.2,2.6,2.88,3.21,2.71,2.75,3.2,2.55,2.7,3.4,2.55,2.9,3.45,2.75,2.78,3.23,2.61,2,1.85,1.98,1.9,2.07,1.91,1.97,1.85,0,2.02,1.88,2.01,1.89,2.05,1.91,2.01,1.86,2.5,3.25,2.9,2.5,3.3,2.8,2.5,3.2,2.9,2.57,3.26,3.02,2.6,3.1,2.75,2.45,3.3,2.88,2.75,3.39,3.05,2.53,3.22,2.88,2,1.8,2.08,1.83,2.13,1.91,2.02,1.79,0,1.81,2.09,1.81,2.12,1.97,2.14,1.81,2.06
E1,16/10/2021,15:00,Bristol City,Bournemouth,0,2,A,0,2,A,G Ward,5,22,2,5,4,7,5,11,0,0,0,0,4.5,3.4,1.85,4.33,3.4,1.87,4.2,3.5,1.9,4.44,3.55,1.92,4.2,3.4,1.85,4.1,3.6,1.87,4.5,3.65,1.96,4.2,3.5,1.89,2,1.8,2.09,1.8,2.1,1.85,2.03,1.79,0.5,2,1.9,1.99,1.92,2.04,1.93,1.96,1.89,4.2,3.5,1.9,4.33,3.4,1.87,4.2,3.5,1.9,4.52,3.59,1.88,4.2,3.3,1.88,4.1,3.5,1.9,4.52,3.7,1.98,4.19,3.48,1.9,1.98,1.88,1.99,1.89,2.13,1.9,2,1.81,0.5,2.03,1.87,2.02,1.88,2.03,1.95,1.95,1.89
E1,16/10/2021,15:00,Huddersfield,Hull,2,0,H,1,0,H,R Jones,12,9,4,2,8,12,4,5,1,2,0,0,2,3.3,4,2,3.4,3.7,2,3.35,3.8,2.02,3.52,4.03,1.95,3.3,3.8,2,3.4,3.8,2.06,3.52,4.09,2,3.4,3.84,2.1,1.72,2.18,1.74,2.2,1.79,2.13,1.72,-0.5,2.01,1.89,2.02,1.89,2.04,1.91,2,1.85,2,3.3,4,2.05,3.4,3.75,2,3.25,4,2.05,3.32,4.18,2,3.25,3.9,2,3.3,4,2.08,3.44,4.2,2.03,3.27,3.92,2.3,1.61,2.31,1.67,2.38,1.69,2.26,1.63,-0.5,2.07,1.83,2.05,1.87,2.08,1.88,2.03,1.82
E1,16/10/2021,15:00,Middlesbrough,Peterboro,2,0,H,0,0,D,J Busby,17,6,5,0,8,11,4,3,2,4,0,0,1.8,3.5,4.75,1.82,3.6,4.4,1.8,3.55,4.5,1.81,3.62,4.93,1.78,3.5,4.4,1.8,3.6,4.5,1.86,3.8,4.93,1.81,3.6,4.51,1.9,1.9,1.97,1.92,1.99,1.96,1.93,1.88,-0.75,2.06,1.84,2.07,1.84,2.08,1.86,2.05,1.82,1.72,3.8,4.75,1.78,3.6,4.5,1.75,3.65,4.7,1.76,3.93,4.78,1.8,3.5,4.4,1.8,3.6,4.6,1.88,4,5.05,1.76,3.69,4.64,1.83,2.02,1.87,2.03,1.99,2.04,1.88,1.93,-0.75,1.98,1.92,2,1.91,2.07,1.93,1.98,1.87
E1,16/10/2021,15:00,Millwall,Luton,0,2,A,0,1,A,C Kavanagh,14,6,5,2,10,18,12,3,1,3,0,0,2.37,3.2,3.25,2.37,3.1,3.2,2.35,3.2,3.1,2.42,3.3,3.22,2.4,3,3.1,2.3,3.3,3.1,2.48,3.32,3.3,2.37,3.22,3.12,2.1,1.72,2.19,1.74,2.21,1.75,2.15,1.7,-0.25,2.05,1.85,2.06,1.85,2.07,1.87,2.03,1.84,2.45,3.2,3,2.5,3.1,2.95,2.55,3.1,2.95,2.62,3.12,3.08,2.45,3,3,2.5,3.2,2.9,2.63,3.27,3.15,2.52,3.1,3,2.3,1.61,2.4,1.62,2.4,1.68,2.28,1.62,0,1.78,2.13,1.8,2.13,1.84,2.19,1.78,2.1
E1,16/10/2021,15:00,Nott'm Forest,Blackpool,2,1,H,1,0,H,K Friend,13,6,5,3,11,7,4,3,2,0,0,0,2,3.3,4,2,3.3,3.8,2.05,3.3,3.8,2.06,3.42,4.01,2,3.3,3.7,2,3.4,3.8,2.08,3.5,4.03,2.03,3.37,3.78,2.1,1.72,2.19,1.74,2.21,1.77,2.14,1.71,-0.5,2.05,1.85,2.06,1.86,2.07,1.88,2.03,1.82,1.9,3.4,4.2,1.93,3.4,4.1,1.9,3.4,4.2,1.93,3.55,4.32,1.95,3.25,4,1.87,3.5,4.2,2.05,3.55,4.37,1.93,3.42,4.08,2.1,1.72,2.14,1.76,2.24,1.81,2.11,1.72,-0.5,1.92,1.98,1.93,1.97,2.02,2.02,1.93,1.91
E1,16/10/2021,15:00,Preston,Derby,0,0,D,0,0,D,J Smith,8,17,3,5,13,7,4,10,2,0,0,0,2,3.2,4.2,2.05,3.1,4.1,2.05,3.1,4,2.07,3.19,4.28,2.05,3.2,3.8,2.05,3.25,3.9,2.12,3.38,4.28,2.06,3.18,3.97,2.3,1.61,2.43,1.61,2.44,1.65,2.34,1.59,-0.5,2.07,1.83,2.07,1.84,2.11,1.87,2.05,1.8,1.9,3.25,4.33,1.98,3.1,4.33,2,3.2,4.1,1.97,3.33,4.5,2,3.1,4,1.95,3.3,4.1,2.12,3.4,4.5,1.98,3.22,4.18,2.37,1.57,2.39,1.63,2.42,1.65,2.33,1.6,-0.5,1.96,1.94,1.97,1.93,2.04,1.96,1.98,1.86
E1,16/10/2021,15:00,Reading,Barnsley,1,0,H,0,0,D,A Davies,10,16,6,7,10,9,4,6,0,2,0,0,2.15,3.25,3.6,2.15,3.25,3.6,2.15,3.25,3.5,2.18,3.35,3.68,2.1,3.2,3.5,2.1,3.3,3.6,2.22,3.45,3.75,2.16,3.28,3.49,2.2,1.66,2.19,1.73,2.25,1.74,2.17,1.69,-0.25,1.86,2.04,1.87,2.04,1.89,2.08,1.85,2.01,2.25,3.25,3.3,2.3,3.2,3.2,2.35,3.2,3.2,2.37,3.28,3.32,2.25,3.2,3.2,2.3,3.3,3.13,2.48,3.39,3.38,2.32,3.22,3.19,2,1.8,2.09,1.8,2.16,1.82,2.08,1.75,-0.25,2.02,1.88,2.02,1.88,2.03,1.93,1.99,1.86
E1,16/10/2021,15:00,Sheffield United,Stoke,2,1,H,0,0,D,K Stroud,16,12,4,4,14,8,8,4,0,2,0,0,2.2,3.2,3.5,2.2,3.2,3.5,2.2,3.25,3.35,2.27,3.29,3.54,2.15,3.2,3.4,2.25,3.3,3.3,2.33,3.47,3.54,2.23,3.27,3.35,2.1,1.72,2.19,1.74,2.19,1.78,2.13,1.72,-0.25,1.95,1.95,1.93,1.97,1.99,1.99,1.92,1.93,2.1,3.3,3.6,2.2,3.2,3.5,2.15,3.25,3.45,2.16,3.44,3.64,2.15,3.2,3.4,2.15,3.4,3.4,2.3,3.5,3.69,2.16,3.31,3.44,2.1,1.72,2.13,1.78,2.24,1.79,2.11,1.73,-0.25,1.85,2.05,1.85,2.06,1.9,2.09,1.86,1.99
E1,17/10/2021,12:00,Swansea,Cardiff,3,0,H,1,0,H,J Linington,12,10,7,3,5,15,8,5,1,2,0,0,2.4,3.2,3.1,2.45,3.2,3,2.5,3.1,3,2.53,3.19,3.13,2.45,3,3,2.38,3,2.88,2.55,3.27,3.15,2.47,3.12,3.02,2.3,1.61,2.48,1.59,2.49,1.64,2.37,1.58,-0.25,2.13,1.78,2.15,1.79,2.17,1.84,2.11,1.77,2.37,3.1,3.25,2.37,3.1,3.2,2.4,3.05,3.2,2.46,3.12,3.33,2.35,3,3.2,2.4,3.13,3.13,2.52,3.27,3.4,2.41,3.07,3.2,2.3,1.61,2.36,1.64,2.43,1.67,2.33,1.6,-0.25,2.05,1.85,2.08,1.84,2.13,1.88,2.04,1.82
E1,19/10/2021,19:45,Bristol City,Nott'm Forest,1,2,A,1,0,H,S Martin,9,15,2,6,7,8,1,9,1,0,0,0,2.75,3.25,2.62,2.75,3.25,2.55,2.85,3.15,2.6,2.92,3.28,2.62,2.8,3.2,2.5,2.8,3.3,2.55,2.94,3.4,2.72,2.83,3.21,2.58,2.1,1.72,2.08,1.81,2.21,1.81,2.11,1.73,0,2.04,1.86,2.07,1.85,2.07,1.91,2.02,1.84,2.87,3.3,2.5,2.75,3.3,2.55,2.9,3.15,2.55,3.01,3.29,2.56,2.88,3.1,2.5,2.9,3.3,2.45,3.06,3.41,2.63,2.89,3.22,2.52,2.1,1.72,2.15,1.76,2.19,1.83,2.11,1.73,0,2.1,1.8,2.13,1.8,2.16,1.86,2.08,1.79
E1,19/10/2021,19:45,Derby,Luton,2,2,D,1,0,H,G Eltringham,9,10,3,3,12,14,5,5,1,2,0,0,3.3,3.2,2.3,2.95,3.2,2.45,3.25,3.05,2.4,3.31,3.18,2.43,3.1,3.1,2.35,3.2,3.13,2.38,3.31,3.25,2.5,3.19,3.12,2.4,2.5,1.53,2.49,1.58,2.56,1.61,2.41,1.57,0.25,1.84,2.06,1.85,2.06,1.87,2.1,1.82,2.03,3.1,3,2.55,2.95,3.2,2.45,2.95,3,2.6,2.98,3.15,2.67,2.9,3.1,2.5,2.88,3.1,2.6,3.2,3.22,2.76,2.96,3.06,2.57,2.5,1.53,2.48,1.58,2.5,1.64,2.41,1.56,0,2.07,1.83,2.07,1.85,2.2,1.88,2.06,1.81
E1,19/10/2021,19:45,QPR,Blackburn,1,0,H,0,0,D,D Webb,16,5,5,1,14,7,4,2,2,3,0,0,2.15,3.5,3.3,2.05,3.6,3.3,2.15,3.5,3.3,2.22,3.49,3.44,2.1,3.5,3.25,2.15,3.6,3.25,2.25,3.76,3.44,2.15,3.51,3.31,1.72,2.1,1.73,2.2,1.77,2.2,1.72,2.13,-0.25,1.91,1.99,1.91,2,1.93,2.05,1.87,1.98,2.05,3.6,3.5,2,3.5,3.6,2.1,3.55,3.35,2.12,3.6,3.6,2.05,3.5,3.4,2.1,3.6,3.3,2.18,3.67,3.68,2.1,3.52,3.41,1.72,2.1,1.75,2.17,1.78,2.26,1.7,2.16,-0.25,1.87,2.03,1.83,2.09,1.88,2.13,1.82,2.04
E1,19/10/2021,19:45,Sheffield United,Millwall,1,2,A,1,1,D,M Donohue,12,12,3,5,11,12,5,4,2,1,1,0,1.8,3.5,4.75,1.8,3.5,4.6,1.8,3.45,4.6,1.85,3.51,4.91,1.78,3.4,4.6,1.8,3.5,4.6,1.88,3.64,4.91,1.82,3.47,4.63,2.1,1.72,2.15,1.76,2.21,1.8,2.14,1.71,-0.5,1.83,2.07,1.85,2.07,1.88,2.09,1.82,2.02,1.85,3.5,4.5,1.8,3.6,4.4,1.85,3.55,4.2,1.87,3.59,4.62,1.83,3.4,4.4,1.83,3.6,4.33,1.92,3.74,4.75,1.85,3.51,4.37,2,1.8,2.02,1.87,2.08,2.05,1.99,1.82,-0.5,1.87,2.03,1.87,2.04,1.89,2.06,1.85,1.99
E1,19/10/2021,19:45,Stoke,Bournemouth,0,1,A,0,0,D,D Whitestone,13,10,2,4,3,13,9,7,0,2,0,0,2.7,3.2,2.8,2.7,3.1,2.7,2.65,3.15,2.8,2.58,3.21,3.05,2.75,3,2.7,2.63,3.25,2.7,2.8,3.42,3.05,2.67,3.16,2.78,2,1.8,2.09,1.8,2.2,1.82,2.1,1.74,0,1.82,2.08,1.81,2.11,1.95,2.13,1.89,1.97,2.62,3.25,2.75,2.7,3.2,2.7,2.65,3.15,2.75,2.7,3.29,2.83,2.7,3.1,2.62,2.63,3.3,2.7,2.75,3.46,2.9,2.66,3.21,2.73,2,1.8,2.07,1.81,2.14,1.91,2.05,1.77,0,1.91,1.99,1.91,2,1.94,2.01,1.9,1.95
E1,20/10/2021,19:45,Fulham,Cardiff,2,0,H,0,0,D,T Robinson,24,15,6,2,8,15,6,2,0,3,0,0,1.5,4.2,6.5,1.49,4.33,6.75,1.47,4.5,6.75,1.48,4.54,7.44,1.44,4.2,7,1.44,4.5,7,1.5,4.6,7.44,1.47,4.4,6.87,1.72,2.1,1.78,2.13,1.85,2.15,1.76,2.07,-1.25,2.06,1.84,2.09,1.83,2.12,1.86,2.06,1.81,1.4,4.75,8,1.42,4.75,7.25,1.4,4.9,7.25,1.4,5.11,8.07,1.38,4.6,8,1.36,5,7.5,1.42,5.25,8.76,1.39,4.9,7.71,1.57,2.37,1.59,2.47,1.67,2.5,1.61,2.31,-1.25,1.92,1.98,1.87,2.04,1.93,2.12,1.86,1.99
E1,20/10/2021,19:45,Huddersfield,Birmingham,0,0,D,0,0,D,A Woolmer,9,6,1,2,9,17,2,2,3,1,0,0,2.4,3.2,3.1,2.45,3.25,2.9,2.45,3.15,3,2.52,3.24,3.11,2.45,3,3,2.45,3.25,3,2.58,3.28,3.21,2.47,3.18,2.99,2.3,1.61,2.34,1.65,2.36,1.71,2.26,1.64,-0.25,2.08,1.73,2.14,1.79,2.17,1.81,2.12,1.76,2.3,3.2,3.3,2.2,3.2,3.4,2.35,3.05,3.3,2.38,3.28,3.3,2.37,3,3.2,2.3,3.2,3.2,2.45,3.29,3.4,2.34,3.17,3.22,2.37,1.57,2.47,1.59,2.49,1.63,2.39,1.56,-0.25,2.04,1.86,2.03,1.88,2.07,1.9,2.01,1.84
E1,20/10/2021,19:45,Hull,Peterboro,1,2,A,1,1,D,L Doughty,19,9,5,5,10,11,8,4,1,2,0,0,2.1,3.4,3.6,2.1,3.3,3.5,2.1,3.35,3.6,2.12,3.5,3.7,2.05,3.3,3.6,2.05,3.4,3.6,2.2,3.65,3.71,2.11,3.38,3.53,2,1.8,2.07,1.83,2.18,1.83,2.05,1.77,-0.5,2.09,1.81,2.11,1.8,2.16,1.84,2.09,1.77,2,3.4,3.8,2,3.4,3.75,2,3.35,3.9,2.01,3.44,4.17,2,3.3,3.75,1.95,3.5,3.9,2.05,3.55,4.2,1.99,3.4,3.89,2,1.8,2.15,1.76,2.24,1.83,2.05,1.77,-0.5,2.03,1.87,2.01,1.9,2.03,1.95,1.99,1.86
E1,20/10/2021,19:45,Middlesbrough,Barnsley,2,0,H,1,0,H,A Madley,21,9,8,3,5,9,8,4,1,1,0,0,1.85,3.4,4.5,1.87,3.4,4.4,1.9,3.4,4.3,1.89,3.46,4.69,1.85,3.3,4.4,1.85,3.5,4.33,2,3.58,4.69,1.89,3.42,4.3,2.1,1.72,2.17,1.75,2.19,1.77,2.12,1.72,-0.5,1.9,2,1.89,2.01,1.92,2.03,1.88,1.96,1.8,3.6,4.5,1.73,3.6,4.8,1.8,3.55,4.5,1.83,3.71,4.68,1.78,3.4,4.6,1.8,3.6,4.4,1.88,3.76,4.85,1.81,3.62,4.48,2,1.85,2.03,1.86,2.15,2.07,2,1.81,-0.5,1.84,2.06,1.83,2.09,1.87,2.12,1.81,2.04
E1,20/10/2021,19:45,Preston,Coventry,2,1,H,0,1,A,D England,16,8,4,3,11,11,9,3,2,1,0,0,2.75,3.2,2.7,2.7,3.2,2.65,2.7,3.2,2.65,2.74,3.35,2.75,2.7,3.1,2.62,2.75,3.1,2.7,2.82,3.35,2.8,2.7,3.21,2.68,2.2,1.66,2.24,1.7,2.29,1.72,2.22,1.66,0,1.96,1.94,1.95,1.95,1.98,1.98,1.94,1.93,2.55,3.2,2.87,2.5,3.2,2.87,2.5,3.1,2.95,2.58,3.22,3.04,2.5,3.1,2.87,2.5,3.2,2.9,2.6,3.28,3.07,2.53,3.15,2.94,2.2,1.66,2.26,1.69,2.35,1.72,2.22,1.66,-0.25,2.1,1.7,2.18,1.75,2.19,1.81,2.14,1.74
E1,20/10/2021,19:45,Swansea,West Brom,2,1,H,0,1,A,S Hooper,9,10,3,6,7,14,5,3,2,4,0,0,4,3.3,2,4.1,3.3,1.95,3.75,3.25,2.05,3.94,3.32,2.11,3.75,3.25,2,3.7,3.4,2.05,4.1,3.5,2.16,3.79,3.3,2.06,2.1,1.72,2.18,1.74,2.18,1.81,2.1,1.74,0.5,1.83,2.07,1.81,2.11,1.88,2.15,1.8,2.06,3.6,3.25,2.15,3.5,3.1,2.2,3.4,3.2,2.25,3.54,3.14,2.34,3.4,3.2,2.15,3.4,3.3,2.2,3.99,3.4,2.34,3.48,3.19,2.21,2.2,1.66,2.3,1.67,2.3,1.77,2.2,1.67,0.25,1.94,1.96,1.93,1.98,2.12,2,1.96,1.89
E1,20/10/2021,20:00,Reading,Blackpool,2,3,A,2,0,H,J Simpson,6,18,3,10,13,13,0,8,0,3,0,0,2.2,3.3,3.4,2.2,3.4,3.2,2.2,3.35,3.35,2.26,3.4,3.43,2.2,3.25,3.3,2.25,3.4,3.2,2.3,3.48,3.45,2.21,3.35,3.3,2,1.8,2.06,1.84,2.18,1.84,2.05,1.77,-0.25,1.92,1.98,1.93,1.96,1.93,2,1.9,1.95,2,3.4,3.8,1.95,3.6,3.75,2.05,3.4,3.65,2.03,3.62,3.83,2,3.3,3.7,2,3.6,3.6,2.1,3.62,3.9,2.03,3.47,3.66,1.98,1.88,2,1.89,2.02,1.98,1.95,1.86,-0.5,2.03,1.87,2.03,1.88,2.08,1.9,2.02,1.82
E1,23/10/2021,12:30,Cardiff,Middlesbrough,0,2,A,0,1,A,J Simpson,9,21,1,6,14,11,4,14,3,1,0,0,2.7,3.2,2.7,2.7,3.1,2.7,2.7,3.2,2.7,2.76,3.17,2.86,2.62,3,2.8,2.63,3.25,2.7,2.8,3.25,2.88,2.7,3.12,2.75,2.2,1.66,2.22,1.71,2.31,1.73,2.21,1.67,0,1.95,1.95,1.92,1.99,1.99,2,1.92,1.95,2.5,3.2,2.9,2.55,3.25,2.75,2.55,3.2,2.85,2.56,3.33,2.97,2.5,3.1,2.87,2.55,3.3,2.8,2.7,3.5,2.98,2.54,3.24,2.86,1.9,1.9,2.01,1.88,2.15,1.92,1.99,1.81,0,1.83,2.07,1.82,2.11,1.87,2.12,1.82,2.04
E1,23/10/2021,15:00,Birmingham,Swansea,2,1,H,0,0,D,O Langford,15,7,6,1,16,8,6,12,2,1,0,0,2.45,3.1,3.1,2.37,3.1,3.1,2.45,3.1,3.05,2.54,3.09,3.22,2.5,2.9,3.1,2.4,3.13,3.1,2.58,3.15,3.22,2.48,3.07,3.09,2.5,1.53,2.45,1.6,2.55,1.6,2.43,1.56,-0.25,2.11,1.79,2.14,1.79,2.15,1.83,2.11,1.77,2.55,3.1,2.9,2.55,3.1,2.95,2.6,2.95,3,2.66,3.11,3.03,2.55,2.9,3,2.6,3.1,2.88,2.7,3.19,3.06,2.6,3.03,2.97,2.5,1.53,2.59,1.54,2.66,1.57,2.5,1.52,0,1.83,2.07,1.83,2.09,1.86,2.1,1.82,2.05
E1,23/10/2021,15:00,Blackburn,Reading,2,0,H,0,0,D,T Harrington,12,12,5,2,11,14,2,2,4,2,0,0,1.85,3.6,4.33,1.9,3.5,4,1.9,3.55,4.1,1.89,3.7,4.33,1.83,3.4,4.33,1.85,3.6,4.2,1.92,3.7,4.6,1.88,3.54,4.2,1.9,1.9,1.88,2.01,1.95,2.01,1.88,1.92,-0.5,1.87,2.03,1.89,2.02,1.92,2.06,1.88,1.99,1.7,3.8,5,1.66,3.9,5,1.73,3.7,4.9,1.74,3.84,5.16,1.7,3.5,5,1.7,3.75,5,1.78,3.9,5.5,1.72,3.73,4.95,1.9,1.9,1.92,1.97,1.99,1.98,1.9,1.9,-0.75,1.95,1.95,1.96,1.94,1.99,2.01,1.93,1.92
E1,23/10/2021,15:00,Blackpool,Preston,2,0,H,1,0,H,T Robinson,11,9,2,2,9,13,3,5,4,4,0,1,2.9,3.2,2.5,2.75,3.25,2.6,2.85,3.15,2.6,2.98,3.25,2.6,2.88,3,2.55,2.8,3.25,2.55,3,3.27,2.8,2.85,3.18,2.58,2.1,1.72,2.17,1.75,2.21,1.77,2.13,1.71,0,2.07,1.83,2.09,1.83,2.09,1.95,2.02,1.85,3,3.2,2.45,2.8,3.1,2.65,2.95,3.1,2.55,2.98,3.18,2.65,2.8,3,2.62,2.88,3.2,2.55,3.15,3.27,2.7,2.94,3.13,2.55,2.3,1.61,2.28,1.68,2.34,1.7,2.23,1.65,0,2.16,1.76,2.08,1.84,2.21,1.88,2.08,1.8
E1,23/10/2021,15:00,Bournemouth,Huddersfield,3,0,H,2,0,H,J Brooks,14,4,6,1,12,9,7,2,2,0,0,0,1.6,4,5.5,1.63,3.9,5.5,1.63,3.85,5.5,1.63,3.99,6.04,1.6,3.7,5.8,1.57,4,6,1.68,4,6.2,1.62,3.87,5.65,1.9,1.9,1.98,1.91,2.04,1.91,1.94,1.86,-0.75,1.81,2.09,1.79,2.13,1.83,2.13,1.79,2.08,1.57,4,6,1.57,4,6,1.6,3.85,6,1.61,3.96,6.43,1.55,3.7,6.5,1.55,4,6.5,1.65,4.09,6.7,1.59,3.91,6.07,2,1.8,2.06,1.84,2.13,1.88,1.99,1.81,-1,2.06,1.84,2.1,1.83,2.16,1.88,2.06,1.81
E1,23/10/2021,15:00,Coventry,Derby,1,1,D,1,0,H,D Whitestone,11,7,3,1,12,8,4,0,1,2,0,0,1.85,3.4,4.33,1.9,3.4,4.2,1.95,3.3,4.1,1.95,3.36,4.58,1.91,3.2,4.33,1.95,3.4,4,2.02,3.48,4.7,1.94,3.31,4.27,2.1,1.72,2.24,1.7,2.25,1.77,2.14,1.7,-0.5,1.97,1.93,1.95,1.95,2,1.98,1.95,1.91,1.7,3.6,5,1.71,3.7,5,1.73,3.55,5.25,1.79,3.65,5.11,1.75,3.3,5,1.73,3.6,5,1.83,3.72,5.61,1.76,3.53,4.98,2.2,1.66,2.22,1.71,2.35,1.74,2.2,1.66,-0.75,2.03,1.87,2.05,1.86,2.1,1.9,2.01,1.85
E1,23/10/2021,15:00,Luton,Hull,1,0,H,1,0,H,J Busby,12,10,4,1,10,11,6,7,0,1,0,0,1.8,3.6,4.5,1.8,3.7,4.33,1.85,3.45,4.4,1.84,3.66,4.68,1.8,3.4,4.5,1.8,3.6,4.5,1.88,3.75,4.82,1.82,3.55,4.49,2.1,1.72,2.12,1.78,2.19,1.82,2.11,1.73,-0.5,1.82,2.08,1.84,2.08,1.86,2.11,1.82,2.05,1.85,3.5,4.2,1.8,3.7,4.33,1.95,3.4,4,1.95,3.6,4.18,1.85,3.4,4.2,1.9,3.6,4,1.98,3.7,4.65,1.91,3.5,4.1,2,1.8,2.05,1.85,2.18,1.85,2.05,1.77,-0.5,1.95,1.95,1.95,1.95,1.99,2,1.92,1.93
E1,23/10/2021,15:00,Millwall,Stoke,2,1,H,0,1,A,A Davies,8,14,4,3,9,13,0,10,2,1,0,0,2.5,3.1,3,2.5,3.1,3,2.6,3.1,2.85,2.66,3.05,3.1,2.55,3,2.9,2.55,3.13,2.9,2.75,3.26,3.1,2.58,3.06,2.96,2.37,1.57,2.46,1.59,2.46,1.63,2.36,1.58,0,1.82,2.08,1.81,2.12,1.87,2.13,1.81,2.06,2.75,3.1,2.7,2.7,3.1,2.7,2.75,3,2.75,2.78,3.09,2.91,2.62,3,2.8,2.75,3.1,2.7,2.9,3.24,2.96,2.76,3.03,2.77,2.37,1.57,2.44,1.6,2.49,1.64,2.37,1.57,0,1.93,1.97,1.91,2,2.02,2.01,1.92,1.93
E1,23/10/2021,15:00,Peterboro,QPR,2,1,H,0,0,D,J Gillett,12,14,5,6,7,11,1,4,0,0,0,0,3.6,3.6,1.95,3.25,3.7,2.1,3.5,3.6,2.05,3.77,3.75,2.01,3.5,3.4,2.05,3.5,3.7,2,3.77,3.75,2.12,3.52,3.63,2.02,1.72,2.1,1.74,2.19,1.8,2.2,1.72,2.12,0.5,1.89,2.01,1.89,2.01,1.94,2.08,1.84,2.03,3.8,3.75,1.9,3.75,3.75,1.9,3.75,3.7,1.9,3.68,3.93,1.99,3.7,3.6,1.9,3.8,3.9,1.87,3.9,4,2,3.75,3.78,1.92,1.61,2.3,1.68,2.28,1.74,2.32,1.66,2.21,0.5,1.98,1.92,1.92,1.99,2.01,1.99,1.93,1.93
E1,23/10/2021,15:00,West Brom,Bristol City,3,0,H,2,0,H,J Smith,23,7,9,2,8,10,11,6,0,2,0,0,1.45,4.33,7.5,1.49,4.33,6.75,1.45,4.4,7.25,1.5,4.23,7.91,1.44,4,8,1.44,4.4,7.5,1.54,4.4,8.5,1.46,4.26,7.42,1.9,1.9,1.9,1.99,1.97,2.01,1.89,1.92,-1.25,2.07,1.83,2.09,1.83,2.14,1.86,2.06,1.81,1.44,4.33,8,1.44,4.4,7.5,1.45,4.4,7,1.47,4.45,7.78,1.42,4.2,8,1.44,4.5,7,1.5,4.6,8.5,1.45,4.35,7.42,1.8,2,1.83,2.06,1.92,2.09,1.82,1.99,-1.25,2.08,1.82,2.09,1.83,2.14,1.87,2.05,1.81
E1,24/10/2021,12:30,Barnsley,Sheffield United,2,3,A,0,0,D,G Ward,11,7,4,4,6,15,5,2,0,2,0,0,3.8,3.4,2.05,3.7,3.4,2.05,3.5,3.4,2.1,3.78,3.54,2.08,3.6,3.3,2.05,3.5,3.25,1.95,3.86,3.6,2.12,3.59,3.45,2.06,2.1,1.72,2.09,1.8,2.2,1.82,2.08,1.75,0.25,2.08,1.73,2.13,1.78,2.13,1.87,2.08,1.78,4.2,3.6,1.85,4,3.5,1.93,4,3.5,1.9,4.37,3.65,1.9,4.2,3.4,1.85,4.1,3.6,1.87,4.49,3.69,1.93,4.13,3.54,1.89,2,1.8,2.09,1.8,2.14,1.9,1.99,1.81,0.5,1.99,1.91,2.01,1.9,2.03,1.94,1.95,1.89
E1,24/10/2021,15:00,Nott'm Forest,Fulham,0,4,A,0,1,A,J Linington,8,11,1,3,13,17,5,1,5,4,0,0,4,3.5,1.95,4.33,3.5,1.85,3.85,3.4,2,4.31,3.43,1.98,4.2,3.2,1.95,3.7,3.4,1.87,4.33,3.53,2.02,4.03,3.4,1.96,2,1.8,2.03,1.87,2.07,1.89,2,1.81,0.5,1.93,1.97,1.93,1.98,1.94,2,1.89,1.97,4.2,3.5,1.9,4,3.4,1.93,3.9,3.55,1.95,4.15,3.59,1.96,4.2,3.3,1.91,4,3.6,1.9,4.3,3.68,2,4.04,3.49,1.93,1.93,1.93,1.96,1.93,2,1.97,1.92,1.88,0.5,1.95,1.95,1.94,1.96,2,1.98,1.91,1.94
E1,29/10/2021,19:45,QPR,Nott'm Forest,1,1,D,1,0,H,A Davies,13,12,4,4,15,7,5,8,2,1,0,0,2.15,3.5,3.3,2.1,3.3,3.6,2.2,3.4,3.3,2.19,3.49,3.51,2.1,3.3,3.4,2.15,3.5,3.3,2.26,3.57,3.6,2.18,3.44,3.34,1.8,2,1.85,2.04,1.88,2.07,1.83,1.97,-0.25,1.87,2.03,1.88,2.02,1.91,2.05,1.87,1.99,2.05,3.5,3.5,2.1,3.4,3.5,2.15,3.4,3.35,2.18,3.5,3.53,2.1,3.3,3.4,2.15,3.4,3.4,2.24,3.6,3.6,2.15,3.43,3.39,1.9,1.9,1.92,1.97,1.94,2.07,1.86,1.94,-0.25,1.87,2.03,1.88,2.03,1.91,2.04,1.87,1.99
E1,30/10/2021,12:30,Fulham,West Brom,3,0,H,2,0,H,M Salisbury,15,11,4,3,3,10,4,7,0,3,1,1,2,3.5,3.8,2.1,3.3,3.5,2.1,3.45,3.5,2.08,3.57,3.73,2.05,3.4,3.5,2.05,3.5,3.5,2.14,3.64,3.84,2.07,3.46,3.57,1.8,2,1.85,2.04,1.92,2.04,1.85,1.95,-0.5,2.08,1.82,2.08,1.84,2.11,1.85,2.07,1.8,2,3.5,3.7,2,3.3,3.8,2.05,3.45,3.55,2.05,3.56,3.84,2,3.3,3.7,2.05,3.6,3.5,2.12,3.67,3.84,2.04,3.48,3.62,1.8,2,1.87,2.03,1.9,2.08,1.83,1.97,-0.5,2.06,1.84,2.05,1.86,2.1,1.89,2.05,1.82
E1,30/10/2021,15:00,Bristol City,Barnsley,2,1,H,2,1,H,T Bramall,12,18,4,7,7,4,3,9,0,0,0,0,2.3,3.3,3.2,2.25,3.3,3.1,2.35,3.25,3.1,2.38,3.39,3.2,2.3,3.2,3.1,2.3,3.3,3.1,2.42,3.42,3.28,2.34,3.3,3.09,2,1.8,2.09,1.81,2.16,1.85,2.04,1.77,-0.25,2.05,1.85,2.04,1.87,2.11,1.89,2.02,1.84,2.4,3.3,2.9,2.4,3.4,2.9,2.45,3.25,2.9,2.41,3.41,3.13,2.38,3.2,3,2.4,3.4,2.9,2.52,3.56,3.13,2.44,3.31,2.94,2,1.8,2.01,1.88,2.13,1.92,1.97,1.83,-0.25,2.09,1.81,2.07,1.85,2.17,1.85,2.1,1.78
E1,30/10/2021,15:00,Derby,Blackburn,1,2,A,0,2,A,S Martin,9,12,3,5,12,17,2,3,2,5,0,0,2.8,3.25,2.55,2.7,3.3,2.6,2.8,3.2,2.6,2.85,3.31,2.66,2.8,3.1,2.5,2.75,3.2,2.63,2.9,3.35,2.72,2.8,3.22,2.59,2.3,1.61,2.36,1.64,2.36,1.7,2.27,1.63,0,1.98,1.92,2.02,1.88,2.05,1.97,1.99,1.88,2.7,3.1,2.75,2.75,3.1,2.7,2.75,3,2.75,2.77,3.08,2.94,2.7,3.1,2.6,2.7,3.1,2.75,2.8,3.3,2.94,2.73,3.09,2.76,2.37,1.57,2.49,1.58,2.49,1.63,2.38,1.57,0,1.91,1.99,1.89,2.01,1.98,2.04,1.91,1.95
E1,30/10/2021,15:00,Huddersfield,Millwall,1,0,H,0,0,D,G Eltringham,14,4,6,1,8,14,6,3,3,2,0,0,2.5,3.2,2.9,2.55,3.1,2.9,2.55,3.15,2.9,2.66,3.14,3.01,2.55,3,2.87,2.55,3.13,2.9,2.7,3.22,3.05,2.57,3.1,2.92,2.37,1.57,2.44,1.6,2.45,1.63,2.35,1.58,0,1.84,2.06,1.83,2.08,1.88,2.12,1.82,2.06,2.6,3.2,2.8,2.55,3.1,2.9,2.7,3,2.85,2.69,3.03,3.06,2.6,3,2.88,2.6,3.13,2.88,2.72,3.27,3.15,2.61,3.05,2.93,2.5,1.53,2.46,1.6,2.5,1.63,2.38,1.57,0,1.85,2.05,1.83,2.09,1.89,2.18,1.83,2.04
E1,30/10/2021,15:00,Hull,Coventry,0,1,A,0,1,A,D Webb,13,11,4,3,12,13,4,8,2,0,0,0,2.9,3.4,2.4,3,3.2,2.37,2.95,3.2,2.45,3.04,3.4,2.47,2.9,3.2,2.4,2.9,3.25,2.45,3.1,3.4,2.52,2.96,3.24,2.45,2.1,1.72,2.12,1.78,2.15,1.8,2.07,1.74,0.25,1.75,2.05,1.81,2.12,1.81,2.17,1.77,2.11,3.1,3.4,2.3,3,3.2,2.37,3,3.3,2.4,3.14,3.43,2.39,3,3.2,2.38,3,3.4,2.38,3.2,3.47,2.45,3.06,3.34,2.35,2,1.8,2.08,1.81,2.13,1.84,2.03,1.78,0.25,1.85,2.05,1.86,2.06,1.88,2.08,1.84,2.02
E1,30/10/2021,15:00,Middlesbrough,Birmingham,0,2,A,0,0,D,J Smith,11,8,3,3,9,15,9,0,0,3,0,0,2.1,3.3,3.6,2.15,3.2,3.5,2.2,3.25,3.45,2.19,3.36,3.66,2.15,3.1,3.5,2.15,3.25,3.6,2.2,3.36,3.85,2.15,3.26,3.56,2.3,1.61,2.31,1.66,2.38,1.66,2.29,1.62,-0.25,1.85,2.05,1.87,2.04,1.87,2.1,1.85,2.02,2.05,3.3,3.8,2,3.4,3.7,2.05,3.4,3.7,2.05,3.39,4.08,2.05,3.2,3.7,2,3.4,3.75,2.15,3.58,4.08,2.05,3.37,3.76,2.1,1.72,2.19,1.73,2.24,1.83,2.09,1.74,-0.5,2.03,1.87,2.05,1.87,2.12,1.92,2.05,1.82
E1,30/10/2021,15:00,Preston,Luton,2,0,H,2,0,H,D Whitestone,14,8,5,4,20,13,7,5,1,2,0,0,2.45,3.2,3,2.5,3.1,3,2.45,3.25,2.95,2.58,3.25,3.02,2.5,3.1,2.9,2.45,3.2,3,2.62,3.25,3.06,2.49,3.2,2.96,2.1,1.72,2.21,1.72,2.26,1.78,2.13,1.71,-0.25,2.11,1.79,2.18,1.75,2.18,1.82,2.12,1.77,2.4,3.2,3.1,2.65,3.1,2.8,2.55,3.05,2.95,2.56,3.22,3.06,2.5,3,3,2.5,3.2,2.9,2.65,3.26,3.16,2.53,3.12,2.97,2.3,1.61,2.35,1.65,2.42,1.65,2.3,1.61,0,1.77,2.14,1.79,2.15,1.85,2.2,1.79,2.1
E1,30/10/2021,15:00,Sheffield United,Blackpool,0,1,A,0,0,D,T Harrington,13,5,4,2,15,8,4,4,2,1,0,0,1.57,4,6,1.58,4.1,5.5,1.57,4.1,5.75,1.6,4.05,6.29,1.53,3.8,6,1.55,4.1,6,1.66,4.15,6.29,1.58,4,5.89,1.8,2,1.84,2.06,1.91,2.06,1.83,1.97,-1,2,1.9,2.01,1.89,2.11,1.93,2,1.86,1.53,4.2,6,1.58,4.1,5.5,1.53,4.3,6,1.54,4.31,6.68,1.52,3.9,6,1.53,4.2,6,1.58,4.38,6.68,1.54,4.2,6.08,1.72,2.1,1.77,2.13,1.83,2.19,1.76,2.05,-1,1.88,2.02,1.88,2.03,1.97,2.04,1.9,1.96
E1,30/10/2021,15:00,Stoke,Cardiff,3,3,D,2,0,H,J Brooks,11,9,4,5,7,13,7,5,3,3,0,0,1.95,3.4,4,1.95,3.4,4,1.97,3.35,3.9,1.95,3.56,4.25,1.9,3.4,4,1.93,3.4,4.1,2,3.56,4.33,1.95,3.41,4.07,2,1.8,2.1,1.79,2.12,1.83,2.05,1.77,-0.5,1.93,1.97,1.95,1.95,1.98,1.99,1.95,1.91,1.75,3.6,4.75,1.78,3.6,4.6,1.8,3.55,4.6,1.77,3.79,4.98,1.78,3.4,4.6,1.8,3.6,4.5,1.87,3.79,4.99,1.8,3.59,4.59,1.9,1.9,1.99,1.9,2.09,1.93,1.97,1.83,-0.75,2.02,1.88,2.02,1.89,2.09,1.89,2.03,1.83
E1,30/10/2021,15:00,Swansea,Peterboro,3,0,H,3,0,H,M Donohue,13,2,5,1,7,10,7,3,2,0,0,0,1.6,3.8,5.75,1.71,3.7,5,1.65,3.75,5.25,1.63,4.01,5.96,1.65,3.6,5.25,1.65,3.8,5.5,1.71,4.01,5.96,1.65,3.81,5.45,1.9,1.9,1.93,1.95,2.02,1.95,1.93,1.87,-0.75,1.82,2.08,1.81,2.11,1.87,2.13,1.82,2.04,1.57,4.2,5.5,1.63,4.1,5,1.63,4,5.25,1.63,4.23,5.55,1.6,3.9,5.25,1.57,4.2,5.5,1.67,4.33,5.75,1.61,4.09,5.36,1.8,2,1.81,2.08,1.9,2.13,1.8,2.01,-1,2.06,1.84,2.07,1.85,2.19,1.87,2.06,1.81
E1,30/10/2021,20:00,Reading,Bournemouth,0,2,A,0,1,A,O Langford,9,8,1,3,8,9,6,5,1,3,0,0,5,3.6,1.72,4.8,3.6,1.73,4.6,3.65,1.77,5.09,3.68,1.78,4.8,3.5,1.72,4.75,3.7,1.75,5.09,3.8,1.85,4.73,3.65,1.76,1.9,1.9,1.97,1.92,2.01,1.95,1.92,1.89,0.75,1.9,2,1.9,2,1.91,2.03,1.87,1.98,5.25,3.75,1.66,5,3.5,1.75,5,3.75,1.7,5.45,3.88,1.69,5,3.5,1.7,5.25,3.8,1.67,5.5,3.94,1.75,5.08,3.73,1.7,1.9,1.9,1.97,1.92,2.03,2.07,1.94,1.86,0.75,2.02,1.88,2.01,1.9,2.04,2,1.95,1.9
E1,02/11/2021,19:45,Birmingham,Bristol City,3,0,H,1,0,H,S Hooper,14,8,3,1,12,8,6,2,0,2,0,0,1.83,3.6,4.2,1.9,3.4,4.2,1.85,3.5,4.3,1.88,3.63,4.47,1.88,3.4,4.2,1.85,3.6,4.2,1.92,3.66,4.47,1.88,3.54,4.21,2,1.8,2.08,1.81,2.12,1.84,2.04,1.78,-0.5,1.89,2.01,1.88,2.02,1.92,2.05,1.88,1.97,1.9,3.6,4,1.9,3.5,4.1,1.9,3.5,4.1,1.97,3.54,4.19,1.85,3.5,4,1.93,3.5,4,2,3.68,4.3,1.93,3.49,4.01,1.9,1.9,2.02,1.88,2.09,2.07,1.97,1.84,-0.5,1.97,1.93,1.97,1.93,1.98,1.99,1.94,1.91
E1,02/11/2021,19:45,Coventry,Swansea,1,2,A,1,2,A,A Davies,11,9,4,4,12,8,7,3,1,2,0,0,2.15,3.4,3.4,2.3,3.25,3.2,2.3,3.2,3.2,2.35,3.24,3.42,2.2,3.25,3.25,2.3,3.3,3.2,2.38,3.4,3.5,2.28,3.23,3.29,2.1,1.72,2.21,1.72,2.23,1.79,2.11,1.72,-0.25,2,1.9,1.99,1.91,2.02,1.96,1.96,1.89,2.25,3.25,3.3,2.3,3.2,3.25,2.35,3.15,3.25,2.33,3.23,3.46,2.25,3.2,3.2,2.3,3.3,3.13,2.4,3.33,3.5,2.31,3.17,3.28,2.2,1.66,2.26,1.69,2.33,1.77,2.18,1.68,-0.25,1.98,1.92,1.98,1.93,2.06,1.97,1.97,1.88
E1,02/11/2021,19:45,Luton,Middlesbrough,3,1,H,0,1,A,T Robinson,10,9,3,4,14,12,5,0,4,3,0,0,2.25,3.3,3.25,2.35,3.3,3,2.35,3.2,3.15,2.36,3.32,3.3,2.35,3.1,3.1,2.3,3.3,3.13,2.42,3.35,3.3,2.32,3.24,3.19,2,1.8,2.1,1.79,2.16,1.83,2.07,1.75,-0.25,2.01,1.89,2.02,1.89,2.03,1.92,1.99,1.87,2.2,3.4,3.3,2.25,3.4,3.1,2.25,3.2,3.3,2.3,3.35,3.39,2.25,3.2,3.2,2.25,3.3,3.25,2.36,3.47,3.44,2.27,3.27,3.27,2.1,1.72,2.14,1.77,2.23,1.84,2.11,1.73,-0.25,1.96,1.94,1.97,1.93,2,1.97,1.95,1.9
E1,02/11/2021,19:45,Millwall,Reading,1,0,H,0,0,D,G Ward,17,9,5,0,10,5,4,1,2,0,0,0,1.9,3.4,4.2,1.9,3.3,4.33,1.95,3.35,4.1,1.94,3.43,4.47,1.88,3.3,4.2,1.9,3.5,4.1,2,3.57,4.47,1.93,3.37,4.21,2.1,1.72,2.17,1.75,2.21,1.76,2.13,1.71,-0.5,1.94,1.96,1.94,1.96,1.97,1.98,1.94,1.92,1.8,3.5,4.75,1.85,3.4,4.5,1.83,3.45,4.7,1.82,3.57,5.01,1.83,3.25,4.6,1.8,3.5,4.75,1.86,3.58,5.1,1.82,3.44,4.75,2.2,1.66,2.19,1.74,2.27,1.77,2.16,1.69,-0.5,1.82,2.08,1.81,2.1,1.85,2.11,1.81,2.05
E1,02/11/2021,19:45,Nott'm Forest,Sheffield United,1,1,D,0,0,D,L Doughty,10,6,1,3,11,11,6,4,4,2,0,0,2.9,3.4,2.4,2.75,3.4,2.45,2.9,3.2,2.5,3.04,3.42,2.46,2.9,3.2,2.4,2.9,3.3,2.45,3.05,3.46,2.52,2.93,3.31,2.44,2,1.8,2.08,1.81,2.12,1.84,2.02,1.79,0.25,1.78,2.13,1.81,2.11,1.82,2.17,1.78,2.1,3.1,3.3,2.3,3,3.3,2.35,3.1,3.25,2.35,3.25,3.43,2.34,3.1,3.2,2.3,3.13,3.3,2.3,3.25,3.47,2.42,3.15,3.31,2.31,2,1.8,2.07,1.83,2.14,1.93,2.03,1.78,0.25,1.89,2.01,1.9,2.01,1.94,2.07,1.87,1.99
E1,02/11/2021,19:45,Peterboro,Huddersfield,1,1,D,0,0,D,K Stroud,9,9,5,2,10,15,2,3,3,3,0,0,3.4,3.4,2.15,3.25,3.4,2.2,3.25,3.3,2.25,3.36,3.44,2.27,3.2,3.2,2.25,3.25,3.3,2.25,3.5,3.45,2.32,3.29,3.33,2.23,2,1.8,2.06,1.84,2.12,1.84,2.03,1.78,0.25,1.94,1.96,1.95,1.95,1.98,1.99,1.92,1.92,3.2,3.4,2.25,3.25,3.4,2.2,3.3,3.3,2.25,3.29,3.42,2.32,3.1,3.25,2.25,3.25,3.3,2.25,3.35,3.57,2.32,3.22,3.36,2.25,2,1.8,2.15,1.76,2.2,1.93,2.04,1.77,0.25,1.92,1.98,1.92,1.99,1.96,2.01,1.91,1.94
E1,03/11/2021,19:45,Barnsley,Derby,2,1,H,1,1,D,R Jones,9,15,4,5,10,9,7,8,3,2,0,0,2.2,3.2,3.5,2.25,3.2,3.3,2.25,3.2,3.3,2.33,3.24,3.46,2.2,3.1,3.4,2.25,3.2,3.4,2.33,3.32,3.6,2.27,3.17,3.35,2.3,1.61,2.39,1.63,2.42,1.66,2.32,1.61,-0.25,1.96,1.94,1.98,1.93,1.98,1.97,1.94,1.92,2.3,3.2,3.25,2.25,3.2,3.3,2.35,3.05,3.3,2.4,3.19,3.35,2.3,3.1,3.2,2.3,3.2,3.2,2.41,3.3,3.44,2.33,3.16,3.26,2.37,1.57,2.43,1.61,2.45,1.66,2.34,1.6,-0.25,2.05,1.85,2.04,1.87,2.08,1.92,2.01,1.85
E1,03/11/2021,19:45,Blackburn,Fulham,0,7,A,0,2,A,J Gillett,5,18,2,10,7,4,2,8,2,0,1,0,4,3.5,1.9,3.75,3.7,1.93,3.7,3.65,1.95,4.07,3.67,1.96,3.9,3.5,1.88,3.9,3.6,1.93,4.1,3.8,2,3.8,3.64,1.93,1.8,2,1.86,2.04,1.9,2.07,1.83,1.97,0.5,1.95,1.95,1.94,1.96,1.97,1.98,1.92,1.95,4.2,3.8,1.8,4.33,3.9,1.77,4,3.7,1.85,4.19,3.9,1.87,3.9,3.6,1.85,4,3.8,1.85,4.63,3.99,1.92,4.05,3.79,1.85,1.72,2.1,1.75,2.16,1.81,2.39,1.72,2.11,0.5,2.06,1.84,2.04,1.87,2.09,1.9,2.01,1.86
E1,03/11/2021,19:45,Blackpool,Stoke,0,1,A,0,0,D,J Busby,9,11,1,4,6,9,4,4,0,5,0,0,3.2,3.4,2.25,3,3.3,2.35,3.05,3.35,2.3,3.22,3.47,2.33,3.1,3.25,2.25,3.13,3.3,2.3,3.25,3.47,2.43,3.12,3.34,2.3,2.1,1.72,2.11,1.78,2.15,1.8,2.07,1.75,0.25,1.9,2,1.9,2.01,1.92,2.02,1.88,1.98,3.3,3.4,2.2,3.25,3.4,2.2,3.25,3.2,2.3,3.41,3.35,2.3,3.3,3.2,2.2,3.2,3.25,2.3,3.47,3.47,2.34,3.3,3.27,2.25,2.2,1.66,2.22,1.71,2.29,1.77,2.17,1.69,0.25,1.95,1.95,1.94,1.96,1.97,1.98,1.92,1.93
E1,03/11/2021,19:45,Bournemouth,Preston,1,2,A,0,0,D,D Webb,10,8,5,3,10,10,9,2,3,1,0,0,1.55,4,6.5,1.57,4,6,1.6,4,5.5,1.6,4.03,6.29,1.55,3.9,6,1.57,3.9,6,1.65,4.2,6.5,1.59,3.95,5.87,1.9,1.9,1.99,1.89,2.04,2.02,1.93,1.87,-1,2.09,1.81,2.11,1.81,2.17,1.86,2.06,1.81,1.66,3.6,5.5,1.7,3.5,5.25,1.75,3.5,4.9,1.77,3.61,5.33,1.67,3.5,5.5,1.7,3.7,5,1.79,3.8,6.08,1.72,3.57,5.2,2.1,1.72,2.17,1.75,2.21,1.84,2.1,1.73,-0.75,2.03,1.87,2.01,1.9,2.09,1.96,1.97,1.88
E1,03/11/2021,19:45,Cardiff,QPR,0,1,A,0,1,A,A Woolmer,10,8,3,4,14,8,6,2,0,2,0,0,2.7,3.4,2.6,2.55,3.3,2.7,2.65,3.3,2.65,2.67,3.41,2.78,2.6,3.25,2.62,2.63,3.4,2.63,2.7,3.6,2.82,2.63,3.34,2.67,1.8,2,1.84,2.06,1.91,2.06,1.82,1.98,0,1.93,1.97,1.92,1.99,1.97,1.99,1.93,1.95,2.5,3.5,2.75,2.5,3.6,2.65,2.55,3.35,2.7,2.6,3.53,2.78,2.5,3.3,2.7,2.55,3.4,2.7,2.65,3.6,2.82,2.54,3.43,2.72,1.83,2.02,1.85,2.05,1.88,2.17,1.82,1.99,0,1.86,2.04,1.88,2.02,1.92,2.09,1.87,2
E1,03/11/2021,20:00,West Brom,Hull,1,0,H,0,0,D,D Whitestone,17,9,5,1,11,9,8,6,2,2,0,0,1.4,4.5,9,1.42,4.6,7.75,1.4,4.7,7.75,1.41,4.73,8.77,1.38,4.33,8.5,1.36,4.75,8.5,1.44,4.8,9,1.4,4.57,8.34,1.9,1.9,1.89,2,1.92,2.03,1.84,1.96,-1.25,1.95,1.95,1.96,1.94,1.99,1.97,1.93,1.93,1.55,4.2,6,1.6,3.8,6,1.6,4,5.5,1.59,4.02,6.47,1.5,4.2,6,1.55,4.1,6,1.6,4.28,6.92,1.56,4.01,6.13,1.9,1.9,2,1.89,2.01,2.07,1.92,1.89,-1,2.08,1.82,2.08,1.84,2.1,1.96,2.02,1.84
E1,06/11/2021,15:00,Barnsley,Hull,0,2,A,0,1,A,S Martin,13,19,6,4,10,11,3,7,2,2,0,0,2.25,3.2,3.4,2.2,3.3,3.4,2.3,3.2,3.25,2.27,3.32,3.49,2.2,3.1,3.4,2.2,3.25,3.4,2.3,3.4,3.6,2.24,3.24,3.37,2.3,1.61,2.32,1.66,2.32,1.71,2.24,1.65,-0.25,1.94,1.96,1.94,1.96,1.99,1.99,1.93,1.93,2.4,3.2,3.1,2.3,3.2,3.25,2.3,3.2,3.2,2.49,3.11,3.29,2.4,3,3.1,2.4,3.25,3,2.6,3.29,3.35,2.43,3.09,3.17,2.2,1.66,2.26,1.69,2.29,1.73,2.21,1.66,-0.25,2.09,1.81,2.1,1.83,2.15,1.86,2.09,1.79
E1,06/11/2021,15:00,Blackburn,Sheffield United,3,1,H,1,1,D,O Langford,12,9,6,4,9,13,4,8,1,3,0,0,2.9,3.4,2.4,2.95,3.4,2.35,2.85,3.4,2.45,3.08,3.44,2.43,3,3.2,2.35,2.9,3.4,2.38,3.1,3.5,2.53,2.94,3.38,2.41,1.9,1.9,1.91,1.98,1.95,1.99,1.87,1.93,0.25,1.83,2.07,1.83,2.09,1.85,2.11,1.8,2.06,3.75,3.5,2,3.75,3.3,2.05,3.55,3.55,2.05,3.8,3.7,2.02,3.5,3.4,2.05,3.5,3.6,2.05,3.8,3.7,2.25,3.57,3.51,2.06,1.8,2,1.78,2.12,1.84,2.13,1.79,2.02,0.5,1.9,2,1.89,2.02,1.91,2.15,1.82,2.05
E1,06/11/2021,15:00,Bournemouth,Swansea,4,0,H,1,0,H,T Harrington,16,7,7,4,16,6,7,2,2,3,0,0,1.72,3.6,5,1.71,3.6,5.25,1.77,3.6,4.6,1.82,3.48,5.2,1.78,3.4,4.75,1.75,3.6,4.75,1.84,3.74,5.39,1.78,3.51,4.92,2.05,1.8,2.04,1.86,2.1,1.88,2,1.82,-0.75,2.04,1.86,2.07,1.85,2.07,1.91,2.03,1.84,1.8,3.4,4.75,1.8,3.4,5,1.83,3.4,4.7,1.83,3.45,5.16,1.78,3.3,4.8,1.8,3.5,4.75,1.86,3.5,5.25,1.81,3.4,4.9,2.1,1.72,2.19,1.74,2.28,1.76,2.14,1.7,-0.75,2.02,1.77,2.1,1.81,2.14,1.86,2.07,1.79
E1,06/11/2021,15:00,Cardiff,Huddersfield,2,1,H,0,1,A,D Webb,15,13,5,2,15,3,5,3,4,1,0,0,2.3,3.4,3.1,2.4,3.25,2.95,2.35,3.25,3.05,2.43,3.27,3.22,2.35,3.1,3.1,2.38,3.25,3.1,2.45,3.4,3.26,2.38,3.25,3.1,2.1,1.72,2.19,1.73,2.23,1.8,2.12,1.73,-0.25,2.04,1.86,2.07,1.85,2.07,1.89,2.03,1.84,2.2,3.3,3.4,2.35,3.25,3,2.25,3.1,3.45,2.31,3.22,3.51,2.25,3.1,3.25,2.25,3.25,3.3,2.37,3.38,3.55,2.28,3.21,3.33,2.37,1.57,2.4,1.62,2.44,1.78,2.26,1.63,-0.25,1.93,1.97,1.96,1.94,1.97,2.01,1.93,1.92
E1,06/11/2021,15:00,Coventry,Bristol City,3,2,H,0,1,A,J Simpson,17,8,6,5,15,11,8,1,1,3,1,0,1.65,3.75,5.5,1.63,3.9,5.25,1.7,3.8,5,1.66,3.98,5.63,1.65,3.6,5.25,1.65,3.9,5.25,1.77,4,5.7,1.67,3.84,5.24,1.9,1.95,1.9,1.99,1.97,2,1.89,1.92,-0.75,1.85,2.05,1.86,2.05,1.91,2.09,1.85,2.02,1.5,4.2,6.5,1.57,4.1,5.5,1.53,4.4,5.75,1.53,4.48,6.45,1.52,4,6,1.5,4.2,6.5,1.57,4.6,6.75,1.52,4.31,6.14,1.66,2.2,1.72,2.21,1.82,2.26,1.7,2.14,-1,1.86,2.04,1.88,2.03,1.95,2.08,1.86,1.99
E1,06/11/2021,15:00,Luton,Stoke,0,1,A,0,1,A,J Moss,7,5,2,1,10,10,5,6,1,5,0,0,2.4,3.2,3.1,2.3,3.3,3.1,2.4,3.25,3,2.48,3.24,3.16,2.4,3.1,3,2.4,3.25,3,2.52,3.3,3.18,2.42,3.21,3.06,2.2,1.66,2.21,1.72,2.28,1.75,2.16,1.69,-0.25,2.09,1.81,2.11,1.81,2.13,1.84,2.08,1.8,2.4,3.2,3.1,2.3,3.3,3.1,2.45,3.05,3.1,2.5,3.19,3.18,2.4,3.1,3,2.45,3.2,3,2.55,3.3,3.2,2.45,3.13,3.09,2.3,1.61,2.37,1.63,2.38,1.69,2.29,1.62,-0.25,2.09,1.81,2.12,1.81,2.14,1.85,2.09,1.79
E1,06/11/2021,15:00,Millwall,Derby,1,1,D,1,1,D,T Robinson,14,13,3,5,11,7,5,3,2,0,0,1,1.83,3.4,4.75,1.8,3.5,4.6,1.9,3.3,4.4,1.9,3.43,4.74,1.83,3.2,4.75,1.85,3.4,4.5,1.94,3.5,5,1.87,3.34,4.61,2.37,1.57,2.44,1.6,2.45,1.64,2.36,1.59,-0.5,1.89,2.01,1.9,2.01,1.92,2.04,1.88,1.99,2,3.1,4.33,2.05,3,4.1,2.05,3.05,4.2,2.02,3.2,4.51,1.95,3.1,4.2,2.05,3.13,4,2.15,3.2,4.51,2.04,3.09,4.22,2.5,1.53,2.66,1.52,2.71,1.53,2.56,1.5,-0.5,2.04,1.86,2.02,1.89,2.15,1.89,2.04,1.82
E1,06/11/2021,15:00,Nott'm Forest,Preston,3,0,H,2,0,H,S Hooper,11,4,4,2,7,15,5,1,2,3,0,0,2.15,3.3,3.5,2.15,3.2,3.6,2.25,3.15,3.35,2.3,3.24,3.53,2.25,3,3.4,2.25,3.2,3.4,2.36,3.3,3.6,2.25,3.17,3.44,2.3,1.61,2.3,1.67,2.35,1.72,2.24,1.65,-0.25,1.93,1.97,1.95,1.95,1.98,2.01,1.92,1.93,2.25,3.2,3.4,2.3,3.2,3.25,2.3,3.1,3.3,2.36,3.13,3.51,2.25,3,3.4,2.3,3.2,3.25,2.4,3.28,3.55,2.32,3.11,3.34,2.3,1.61,2.31,1.67,2.35,1.72,2.25,1.64,-0.25,2.02,1.88,2,1.91,2.04,1.92,1.99,1.87
E1,06/11/2021,15:00,Peterboro,Fulham,0,1,A,0,0,D,D Whitestone,12,11,5,4,6,13,3,5,1,4,0,0,6,4.33,1.53,5.75,4.33,1.53,5.75,4.5,1.5,6.48,4.4,1.54,6.5,4.2,1.44,6,4.5,1.5,6.7,4.5,1.56,6.2,4.35,1.51,1.61,2.3,1.64,2.36,1.66,2.38,1.62,2.29,1,2.07,1.83,2.09,1.82,2.13,1.9,2.05,1.81,6.5,4.75,1.44,6.5,4.6,1.46,6.5,4.9,1.43,7,4.78,1.47,7,4.5,1.4,7.5,4.8,1.4,7.5,5.03,1.5,6.85,4.71,1.44,1.53,2.5,1.55,2.57,1.57,2.66,1.52,2.5,1.25,1.99,1.91,1.97,1.93,2.05,1.97,1.95,1.9
E1,06/11/2021,15:00,West Brom,Middlesbrough,1,1,D,0,1,A,M Donohue,9,6,4,3,21,13,9,3,3,4,0,0,1.8,3.5,4.75,1.78,3.6,4.6,1.8,3.6,4.4,1.83,3.55,4.97,1.75,3.5,4.75,1.8,3.6,4.5,1.85,3.8,5.2,1.81,3.55,4.63,2,1.8,1.99,1.9,2.08,1.91,1.98,1.83,-0.75,2.07,1.83,2.08,1.84,2.1,1.88,2.05,1.82,1.7,3.6,5.5,1.7,3.7,5,1.7,3.7,5.25,1.68,3.8,5.81,1.67,3.5,5.5,1.67,3.75,5.25,1.76,3.87,5.9,1.69,3.66,5.35,1.95,1.9,2,1.88,2.08,1.94,1.95,1.84,-0.75,1.87,2.03,1.88,2.02,1.93,2.07,1.87,1.98
E1,06/11/2021,15:30,Birmingham,Reading,1,2,A,1,0,H,T Bramall,17,14,2,5,14,3,3,3,4,1,0,0,1.8,3.4,4.75,1.88,3.5,4.1,1.85,3.55,4.2,1.86,3.6,4.66,1.75,3.5,4.5,1.8,3.6,4.5,1.9,3.65,5,1.83,3.54,4.46,2.1,1.72,2.14,1.77,2.21,1.81,2.11,1.74,-0.5,1.85,2.05,1.86,2.05,1.87,2.09,1.83,2.04,1.9,3.3,4.33,1.9,3.3,4.2,2,3.3,4,1.98,3.35,4.45,1.9,3.25,4.2,1.95,3.4,4,2.04,3.41,4.45,1.95,3.32,4.14,2.2,1.66,2.3,1.67,2.35,1.74,2.18,1.67,-0.5,1.96,1.94,1.98,1.93,2.01,1.99,1.95,1.9
E1,06/11/2021,17:30,Blackpool,QPR,1,1,D,0,1,A,J Smith,10,5,1,1,12,16,8,4,2,5,0,0,3,3.3,2.37,2.85,3.3,2.45,2.85,3.4,2.45,3.04,3.37,2.49,2.87,3.25,2.4,2.9,3.4,2.4,3.06,3.61,2.55,2.9,3.35,2.44,1.9,1.9,1.9,1.98,1.95,2,1.88,1.93,0.25,1.75,2.05,1.8,2.13,1.82,2.16,1.77,2.1,2.9,3.4,2.37,2.85,3.3,2.45,2.8,3.3,2.5,2.94,3.49,2.49,2.75,3.3,2.45,2.7,3.4,2.55,3.1,3.51,2.63,2.82,3.39,2.49,1.9,1.9,1.91,1.98,1.99,1.99,1.88,1.93,0,2.1,1.8,2.13,1.8,2.13,1.89,2.04,1.82
